Student_ID,Age,Math_Score,Science_Score,English_Score,Hours_Studied,Pass_Fail
1001,24,78.4,43.3,56.3,5.9,1
1002,21,72.1,73.3,74.7,4.0,0
1003,22,72.3,66.0,70.1,7.8,1
1004,24,59.6,54.0,72.0,11.9,1
1005,20,69.8,48.0,67.4,5.2,0
1006,22,52.4,22.2,72.6,7.3,1
1007,22,75.1,58.6,77.6,5.6,1
1008,24,57.5,54.0,73.1,10.3,0
1009,19,48.2,71.5,48.1,10.9,1
1010,20,65.6,69.7,73.3,10.7,1
1011,24,36.3,79.3,65.3,11.7,1
1012,20,87.1,79.9,61.5,1.3,1
1013,20,77.0,100.0,86.2,10.2,1
1014,22,70.1,69.2,58.8,9.3,0
1015,21,40.6,44.5,60.2,3.5,0
1016,20,54.5,74.9,43.1,11.5,1
1017,23,65.6,88.9,87.3,2.6,1
1018,22,61.1,68.5,80.7,8.5,0
1019,19,39.7,21.8,66.0,3.5,0
1020,21,45.3,70.0,77.4,5.7,1
1021,23,60.8,48.7,43.3,8.9,0
1022,23,45.8,36.2,75.7,7.2,1
1023,19,85.6,63.4,59.7,5.7,0
1024,21,72.4,32.5,90.1,4.6,1
1025,22,52.9,78.4,74.4,10.2,0
1026,18,82.5,73.2,71.6,2.6,0
1027,21,79.5,58.4,60.2,5.7,1
1028,19,69.3,50.1,60.2,10.9,1
1029,23,64.4,56.7,77.1,10.3,1
1030,22,60.5,41.8,60.0,5.4,0
1031,21,56.9,58.6,59.6,9.4,0
1032,18,44.9,8.8,86.9,10.1,1
1033,18,87.9,61.6,73.5,10.8,1
1034,20,57.2,62.1,56.8,7.0,0
1035,20,65.4,75.2,76.6,3.2,1
1036,24,51.3,65.4,66.7,3.8,0
1037,19,61.1,77.6,48.8,4.3,0
1038,21,100.0,69.8,64.0,7.5,1
1039,21,54.1,78.7,57.4,1.4,0
1040,24,86.7,100.0,73.1,8.0,1
1041,23,64.6,67.6,62.1,5.0,0
1042,23,75.2,63.3,71.1,4.2,1
1043,24,83.7,81.4,78.0,10.7,1
1044,23,69.1,51.6,98.3,6.1,1
1045,20,59.7,57.9,93.8,2.0,1
1046,21,62.2,67.6,72.7,10.1,1
1047,24,62.7,61.3,69.4,1.5,0
1048,21,93.0,61.2,62.9,9.0,0
1049,18,42.7,76.2,50.3,9.5,1
1050,20,38.4,29.5,42.6,4.9,0
1051,22,39.4,96.6,59.9,10.1,1
1052,20,51.6,68.7,89.6,6.7,0
1053,24,75.5,52.8,89.2,6.1,1
1054,22,76.4,89.3,70.9,1.5,1
1055,18,55.9,61.9,75.6,4.2,0
1056,24,64.6,62.3,62.7,11.2,1
1057,19,48.3,56.1,69.6,5.3,0
1058,21,49.6,86.4,60.7,7.0,1
1059,18,73.7,59.8,60.7,6.9,1
1060,21,80.7,49.9,77.4,7.5,1
1061,23,57.8,78.0,62.7,1.7,0
1062,19,89.5,81.3,75.9,5.0,1
1063,19,79.5,88.9,68.2,9.0,0
1064,18,88.9,71.4,87.0,3.2,1
1065,19,60.5,80.6,76.6,3.2,1
1066,22,87.8,55.3,72.9,1.1,1
1067,19,97.7,78.5,52.8,5.8,1
1068,21,58.8,73.4,64.1,10.7,1
1069,21,62.7,69.5,69.4,1.6,0
1070,24,50.8,32.0,70.7,3.1,1
1071,21,47.8,53.0,78.0,4.4,1
1072,24,48.0,59.2,72.5,9.0,0
1073,21,52.8,69.6,57.6,8.0,1
1074,22,69.1,100.0,77.1,5.6,0
1075,24,53.5,75.5,64.5,9.3,1
1076,20,68.7,45.4,62.2,7.7,0
1077,23,69.0,51.4,56.8,10.9,1
1078,18,57.9,85.0,65.8,10.0,1
1079,21,64.1,50.6,63.3,3.8,0
1080,19,57.1,78.3,83.9,4.0,1
1081,21,60.3,62.1,66.8,2.4,0
1082,19,52.9,57.0,76.4,4.7,1
1083,23,66.3,50.8,48.4,12.0,1
1084,23,56.0,5.2,78.9,5.5,0
1085,23,47.5,69.7,77.7,3.4,0
1086,19,73.9,41.1,52.5,9.4,1
1087,21,74.4,34.5,59.5,7.0,1
1088,23,81.7,64.5,62.0,2.6,0
1089,22,49.6,78.5,67.6,5.2,0
1090,24,57.8,29.5,61.5,5.6,0
1091,19,68.5,78.1,67.1,9.3,0
1092,19,57.5,43.7,77.8,1.2,0
1093,21,73.6,71.7,63.3,4.0,1
1094,19,72.5,70.4,73.6,6.7,1
1095,19,72.2,56.3,72.1,4.0,1
1096,23,86.9,60.5,34.5,7.9,1
1097,21,74.7,52.9,60.3,6.3,0
1098,23,67.3,64.7,81.8,5.0,1
1099,24,62.1,64.6,59.3,11.4,1
1100,24,63.1,43.4,57.2,8.0,1
1101,23,49.0,35.6,82.4,2.4,1
1102,24,38.5,78.2,71.8,7.2,0
1103,21,72.0,63.7,87.5,9.6,0
1104,18,83.4,75.7,64.4,8.8,1
1105,23,60.0,47.9,84.4,2.9,0
1106,22,88.8,45.2,59.3,11.7,1
1107,22,62.4,41.8,39.2,5.9,0
1108,19,35.7,56.7,78.1,2.7,1
1109,24,78.8,64.2,76.9,3.0,0
1110,22,57.8,50.2,78.1,2.1,0
1111,19,80.1,88.2,67.5,9.8,1
1112,18,45.8,48.4,87.6,2.3,0
1113,21,71.2,64.5,80.4,2.4,0
1114,21,53.0,44.1,79.9,10.4,0
1115,21,68.0,47.9,71.5,4.8,0
1116,22,76.5,58.4,53.8,1.3,0
1117,18,73.0,45.0,70.8,1.6,0
1118,22,66.0,61.6,74.3,2.6,0
1119,24,44.3,67.9,94.4,3.3,1
1120,22,76.0,79.7,73.2,8.3,1
1121,18,80.5,40.6,57.4,2.7,0
1122,18,49.4,63.0,75.6,2.3,0
1123,24,51.6,58.9,85.1,9.4,1
1124,18,81.1,26.7,90.5,8.4,0
1125,18,61.9,39.7,68.7,5.8,1
1126,21,51.9,68.5,67.6,7.0,0
1127,24,69.1,35.7,53.1,4.4,0
1128,20,55.4,58.7,62.8,6.3,0
1129,20,67.4,21.8,75.2,6.6,0
1130,18,58.8,58.1,51.7,5.3,1
1131,20,60.1,23.0,94.6,11.0,0
1132,20,81.7,49.1,65.7,1.2,0
1133,18,28.0,52.1,71.4,9.6,1
1134,20,73.3,62.2,74.1,2.4,1
1135,22,79.2,55.5,83.5,9.8,1
1136,19,55.7,37.8,73.2,7.8,0
1137,24,79.1,38.1,57.2,10.3,1
1138,19,50.6,30.9,75.1,2.1,0
1139,18,55.1,63.7,83.5,7.1,1
1140,21,53.4,62.9,59.3,6.5,0
1141,24,79.3,72.0,79.6,8.8,1
1142,18,38.8,51.0,73.1,6.9,0
1143,21,89.6,28.8,71.1,6.9,0
1144,19,60.4,54.3,62.3,5.7,0
1145,18,74.2,60.2,67.3,4.4,1
1146,24,72.9,39.0,75.3,6.3,0
1147,24,67.3,40.7,64.9,2.3,0
1148,23,56.0,68.1,58.2,11.6,1
1149,22,83.6,61.8,57.8,8.9,1
1150,20,57.3,80.4,73.4,11.5,0
1151,21,54.0,91.0,75.9,3.5,0
1152,23,78.2,32.9,69.2,10.7,0
1153,20,67.2,52.5,91.8,9.9,0
1154,20,85.4,62.2,49.6,8.4,0
1155,18,64.1,66.5,74.6,7.9,0
1156,20,55.2,78.3,47.9,4.5,0
1157,22,69.1,73.1,68.8,10.0,1
1158,24,58.3,80.5,73.0,6.5,0
1159,23,55.7,61.1,67.9,1.8,0
1160,20,77.5,48.7,46.6,4.4,0
1161,18,92.5,95.1,68.9,11.3,0
1162,22,61.3,62.8,70.0,10.4,1
1163,19,50.4,55.6,80.8,11.8,0
1164,24,62.7,40.7,52.9,7.9,1
1165,24,72.7,62.9,87.3,3.7,1
1166,23,68.9,78.1,39.8,2.8,1
1167,24,82.9,51.0,54.4,3.1,0
1168,20,75.0,57.6,72.1,1.2,0
1169,18,48.4,64.5,73.7,5.3,0
1170,24,57.6,68.5,88.1,3.1,0
1171,24,44.3,55.3,72.3,5.5,1
1172,19,82.2,52.9,68.8,11.3,1
1173,19,35.1,50.8,75.3,5.7,0
1174,21,45.8,40.1,41.9,10.7,1
1175,22,57.3,46.1,57.9,7.7,1
1176,20,73.5,45.7,55.9,3.7,0
1177,24,57.2,32.2,81.4,4.9,1
1178,24,59.5,77.9,85.6,1.9,0
1179,18,59.8,66.5,92.4,4.7,1
1180,21,67.6,62.6,76.8,8.5,1
1181,22,46.7,83.5,80.7,1.8,1
1182,21,50.8,72.9,71.1,3.3,0
1183,23,90.2,45.8,64.0,5.2,0
1184,22,71.0,81.1,57.0,11.8,1
1185,24,76.4,77.5,56.0,9.6,1
1186,24,65.9,39.9,53.5,9.1,1
1187,22,62.9,76.3,78.8,2.3,0
1188,24,71.9,51.6,65.1,9.6,1
1189,20,75.9,77.9,61.3,9.6,0
1190,22,77.7,53.9,45.7,7.6,1
1191,21,63.1,50.4,59.0,11.9,1
1192,22,79.3,52.3,66.6,4.6,1
1193,24,28.0,42.5,51.6,11.4,0
1194,20,78.4,33.4,100.0,11.1,1
1195,20,58.6,15.0,53.9,1.1,0
1196,23,73.3,41.0,83.8,6.0,1
1197,21,55.3,100.0,68.6,11.7,1
1198,19,45.1,68.6,63.2,2.1,0
1199,19,70.1,93.6,67.0,7.0,0
1200,22,42.5,54.3,70.2,11.8,0
1201,23,59.0,51.6,72.7,7.1,0
1202,18,52.8,90.9,58.2,3.1,1
1203,22,62.4,66.8,76.7,7.4,0
1204,23,77.0,42.8,66.6,3.2,1
1205,21,57.7,71.4,54.0,6.7,1
1206,21,69.7,82.5,64.9,1.8,0
1207,21,76.1,34.3,87.0,7.7,0
1208,21,55.9,68.4,72.6,6.7,0
1209,21,56.1,35.5,70.1,9.1,0
1210,23,85.5,81.5,65.2,7.9,1
1211,23,63.8,64.2,66.2,7.0,1
1212,20,72.6,71.3,72.6,8.6,1
1213,19,72.5,56.1,66.8,2.6,0
1214,24,47.0,27.9,75.4,7.5,1
1215,21,53.6,52.1,73.9,2.9,0
1216,18,70.6,76.7,55.7,11.2,1
1217,24,34.0,95.9,76.3,1.8,0
1218,23,61.8,65.1,58.5,5.7,0
1219,18,52.0,47.6,58.1,8.7,1
1220,18,81.7,69.6,69.7,6.0,0
1221,18,70.2,75.1,73.1,2.0,1
1222,20,82.9,62.4,77.4,7.1,1
1223,23,64.4,61.3,44.1,8.1,0
1224,18,63.3,63.8,79.5,8.7,0
1225,21,60.4,60.8,75.0,5.1,0
1226,22,57.5,65.4,61.3,7.2,1
1227,18,100.0,92.9,67.2,6.0,1
1228,20,77.1,23.4,72.4,8.4,1
1229,24,49.0,55.7,28.1,7.4,0
1230,23,100.0,43.2,55.0,6.8,1
1231,20,58.9,81.3,83.9,3.7,0
1232,18,69.8,57.5,62.8,1.0,1
1233,23,79.1,70.1,69.0,2.9,1
1234,22,41.9,85.7,68.6,2.3,0
1235,18,52.6,40.5,78.6,5.9,1
1236,20,89.7,50.5,65.1,7.7,0
1237,19,61.6,83.8,66.1,3.3,0
1238,21,80.0,39.8,72.3,11.3,1
1239,24,58.2,51.1,80.2,1.1,0
1240,20,63.6,31.2,84.0,9.5,1
1241,23,91.8,84.5,66.2,7.9,1
1242,18,71.6,49.5,64.1,5.1,0
1243,21,59.8,66.3,68.2,1.6,0
1244,18,54.7,72.2,86.0,7.9,1
1245,23,56.1,45.5,79.3,5.2,1
1246,18,83.6,25.7,64.2,11.3,1
1247,19,76.5,56.0,50.6,7.0,0
1248,21,47.8,55.8,83.3,11.3,1
1249,21,66.3,58.9,84.6,3.4,1
1250,23,64.0,59.0,56.7,9.0,1
1251,24,69.7,51.0,64.7,7.8,0
1252,19,55.9,50.3,80.5,9.1,0
1253,20,81.5,65.4,74.6,3.4,0
1254,18,65.0,45.2,46.1,8.3,0
1255,22,70.6,58.3,56.5,6.5,0
1256,18,53.2,49.9,77.0,9.2,1
1257,18,54.0,65.3,73.0,4.6,0
1258,20,100.0,80.0,78.0,10.8,1
1259,18,92.0,80.7,79.4,1.9,1
1260,19,64.0,83.2,72.9,9.9,1
1261,19,88.0,54.0,75.0,10.5,1
1262,21,83.2,55.5,63.2,10.0,1
1263,23,55.6,37.2,71.4,6.6,1
1264,24,54.1,53.8,73.8,5.8,1
1265,22,75.0,54.5,90.5,12.0,1
1266,18,68.9,48.9,60.1,3.5,0
1267,18,59.0,48.8,78.7,7.0,0
1268,20,75.8,29.4,68.6,8.4,0
1269,23,43.4,35.8,78.9,8.7,0
1270,19,66.7,60.8,68.6,3.2,1
1271,22,46.4,61.5,84.1,8.2,1
1272,21,46.9,68.7,61.1,10.0,1
1273,19,54.4,55.3,71.7,1.6,0
1274,23,70.4,60.2,75.3,11.0,0
1275,24,54.9,82.5,61.8,1.3,0
1276,21,46.7,59.0,73.7,4.9,1
1277,24,72.2,48.6,82.1,1.2,1
1278,20,87.4,38.6,69.2,1.8,1
1279,20,74.6,74.4,79.0,11.0,1
1280,18,92.0,29.3,61.9,4.9,0
1281,24,86.1,44.9,56.8,5.7,1
1282,23,57.7,67.5,78.3,3.4,1
1283,22,74.5,25.7,63.3,7.6,0
1284,21,63.6,48.9,49.9,7.5,1
1285,19,80.9,62.3,60.9,5.1,0
1286,23,63.6,53.1,86.2,4.7,0
1287,23,53.2,42.3,82.7,10.7,1
1288,20,85.6,49.3,56.6,5.2,1
1289,24,69.8,74.7,52.5,6.4,0
1290,18,55.0,93.0,65.1,4.1,1
1291,18,57.5,62.5,82.5,9.7,1
1292,21,55.0,24.2,67.7,5.4,0
1293,20,50.0,70.2,67.8,6.6,0
1294,23,57.8,52.9,62.6,3.8,0
1295,22,70.6,40.3,66.7,11.9,1
1296,20,66.0,45.6,80.2,4.2,1
1297,21,58.4,46.4,71.0,9.5,0
1298,21,87.4,34.6,67.6,5.7,1
1299,20,34.8,58.9,77.8,3.3,0
1300,21,69.6,92.9,70.9,9.8,1
1301,20,62.9,40.2,81.4,4.7,0
1302,19,50.4,92.4,61.8,10.5,1
1303,20,70.5,63.7,73.3,11.1,1
1304,24,61.7,58.3,80.7,10.5,1
1305,20,83.7,54.2,88.6,1.4,1
1306,21,78.0,45.5,56.9,9.7,0
1307,24,93.6,65.3,67.9,5.5,1
1308,21,57.8,69.4,54.2,10.6,1
1309,18,85.9,16.3,58.4,8.0,1
1310,18,47.5,100.0,70.2,10.2,1
1311,24,63.3,27.4,45.7,6.5,1
1312,19,58.0,50.6,75.0,6.9,1
1313,18,74.0,14.0,76.7,2.6,0
1314,20,73.7,55.2,69.1,9.6,1
1315,21,51.5,51.7,59.9,5.6,0
1316,18,74.9,50.8,67.1,6.5,0
1317,18,59.3,65.5,95.4,9.6,1
1318,19,52.7,55.6,63.8,7.6,1
1319,24,64.8,69.7,60.5,3.2,0
1320,24,42.8,37.7,42.3,7.5,0
1321,23,79.0,61.4,82.5,5.5,1
1322,19,64.2,48.6,55.1,6.2,1
1323,20,64.5,53.3,71.1,1.3,0
1324,24,63.7,64.9,95.3,3.3,1
1325,21,89.7,50.9,74.4,4.1,0
1326,19,87.8,58.1,74.3,8.8,1
1327,18,85.3,39.2,66.1,1.1,0
1328,21,63.7,79.7,73.8,5.5,1
1329,21,48.3,73.1,70.9,11.2,1
1330,18,64.8,61.8,76.5,2.2,0
1331,19,69.7,55.6,41.0,6.7,0
1332,18,77.2,58.1,74.6,9.7,1
1333,23,69.7,79.3,75.2,11.4,1
1334,21,49.6,71.8,100.0,9.2,1
1335,22,57.0,79.6,69.9,8.9,1
1336,22,55.6,53.8,72.7,10.1,1
1337,20,73.1,68.7,74.8,5.9,0
1338,24,73.5,81.4,75.1,9.9,1
1339,18,75.4,43.3,55.2,1.1,0
1340,18,69.5,42.2,79.8,11.2,1
1341,20,34.1,65.0,59.0,5.9,0
1342,20,39.1,37.8,74.9,7.1,1
1343,20,62.9,27.3,59.7,3.8,0
1344,21,66.5,81.1,67.3,9.2,0
1345,23,83.8,84.3,64.4,1.8,1
1346,18,66.2,38.8,67.0,10.6,1
1347,21,50.4,34.2,69.0,10.1,1
1348,20,74.9,48.2,74.5,3.4,0
1349,18,64.7,82.6,68.8,9.9,0
1350,21,59.0,52.6,80.5,9.6,1
1351,23,40.8,61.7,63.6,8.0,1
1352,21,66.3,65.8,75.2,5.1,0
1353,23,68.4,63.1,60.0,4.0,0
1354,20,50.1,86.9,91.4,3.5,1
1355,23,76.2,47.0,75.2,4.5,0
1356,18,74.8,58.2,61.6,10.9,1
1357,20,65.7,64.2,90.8,1.9,0
1358,18,65.2,59.1,76.2,10.1,1
1359,22,79.2,38.1,61.7,4.8,0
1360,19,70.5,33.5,68.4,6.7,0
1361,23,54.5,33.1,56.3,9.7,0
1362,19,62.0,73.1,56.3,10.7,1
1363,19,73.4,45.2,84.5,4.8,0
1364,23,34.5,68.4,59.2,6.1,1
1365,20,51.0,61.6,53.9,5.6,0
1366,22,75.2,42.5,77.6,1.1,0
1367,18,83.1,42.9,89.9,4.3,1
1368,21,80.3,62.4,83.9,6.1,1
1369,18,78.4,61.4,97.5,5.5,1
1370,21,66.9,68.9,99.1,8.9,1
1371,18,49.6,51.8,59.2,5.2,1
1372,23,62.1,44.8,66.3,6.4,1
1373,22,35.1,62.0,51.2,5.7,0
1374,21,84.5,85.6,56.0,9.1,1
1375,24,52.7,26.2,82.9,10.5,1
1376,20,57.0,45.6,73.3,6.9,1
1377,18,80.9,70.6,87.5,9.7,1
1378,18,40.8,63.9,59.6,4.3,1
1379,21,47.2,70.9,63.4,7.0,1
1380,20,69.0,52.3,77.1,4.8,0
1381,20,72.8,31.0,82.7,5.6,0
1382,23,63.9,90.1,50.4,9.1,1
1383,24,64.4,79.5,67.1,10.7,1
1384,23,84.0,59.6,74.8,2.3,0
1385,23,74.5,44.9,79.4,8.0,1
1386,23,72.5,51.2,81.8,7.4,0
1387,23,76.6,64.1,69.1,2.3,0
1388,23,60.5,55.5,55.2,3.3,0
1389,22,97.6,59.7,46.9,4.4,1
1390,20,30.4,89.0,67.8,2.8,0
1391,23,86.9,76.6,66.5,3.7,0
1392,20,78.5,38.9,60.4,3.9,0
1393,20,68.7,61.4,80.7,4.7,1
1394,19,66.2,50.6,56.2,9.2,1
1395,22,62.7,65.4,62.1,7.3,0
1396,23,81.6,58.9,84.0,11.8,1
1397,18,64.4,100.0,60.7,5.6,0
1398,21,54.1,67.7,73.9,9.3,1
1399,24,78.5,57.6,69.9,10.6,0
1400,18,88.8,93.2,72.9,8.5,1
1401,22,36.1,63.7,80.6,5.5,0
1402,21,100.0,32.7,73.9,9.3,1
1403,22,49.4,57.8,53.4,3.2,0
1404,20,50.6,71.0,55.4,4.6,1
1405,21,46.3,68.7,73.5,7.0,1
1406,20,65.0,78.1,59.0,7.3,1
1407,18,45.8,62.8,81.5,1.2,1
1408,18,47.6,61.5,73.7,11.4,0
1409,21,54.7,34.8,49.4,8.7,0
1410,21,67.1,87.5,92.7,6.5,1
1411,23,68.5,54.5,65.6,11.3,1
1412,22,83.6,42.4,67.5,5.8,0
1413,23,83.3,100.0,75.1,11.8,1
1414,22,80.4,90.2,69.0,6.6,1
1415,23,61.1,51.9,81.5,2.3,0
1416,20,37.4,26.1,57.8,9.4,1
1417,21,37.1,47.1,83.8,8.5,1
1418,18,80.3,88.4,78.2,9.5,1
1419,22,77.7,63.2,60.7,11.5,1
1420,22,55.7,35.7,73.0,9.5,0
1421,18,43.4,74.1,84.5,7.7,1
1422,23,49.3,56.2,76.3,10.4,1
1423,22,67.6,48.3,71.8,8.4,0
1424,24,67.6,49.7,77.5,5.5,0
1425,20,80.6,83.5,78.5,10.7,1
1426,21,58.2,69.8,63.9,3.4,0
1427,18,61.3,33.3,71.9,8.9,1
1428,21,81.9,66.6,80.2,10.7,1
1429,24,33.1,61.9,71.6,9.0,0
1430,22,69.8,52.4,61.4,8.7,0
1431,22,60.0,53.4,73.4,9.3,1
1432,24,75.7,44.4,65.3,6.1,1
1433,18,72.7,48.1,77.0,10.6,1
1434,20,54.6,65.2,87.1,3.2,1
1435,19,57.4,55.0,78.1,2.4,0
1436,18,30.5,69.8,60.1,4.1,0
1437,19,76.2,45.9,73.6,6.8,1
1438,24,68.6,72.7,39.0,6.6,0
1439,23,86.0,83.7,68.8,10.0,1
1440,19,59.0,59.9,81.3,5.5,0
1441,20,78.7,69.4,74.8,6.3,1
1442,23,49.0,70.1,71.3,1.1,0
1443,19,24.4,51.0,95.6,5.5,0
1444,24,63.6,70.1,49.5,8.1,1
1445,23,56.5,19.2,52.2,1.2,0
1446,24,49.2,12.0,75.8,4.1,0
1447,19,78.5,54.1,80.8,3.3,1
1448,24,83.1,71.4,81.3,1.5,1
1449,20,66.6,58.5,63.1,6.3,0
1450,19,62.3,73.4,59.9,3.0,0
1451,19,65.9,38.4,58.1,9.2,0
1452,19,55.2,75.9,73.9,10.3,1
1453,18,73.4,89.3,58.2,7.0,1
1454,18,41.9,47.5,83.4,11.8,1
1455,18,48.9,73.9,69.7,6.0,1
1456,20,53.1,60.4,61.6,6.6,1
1457,23,73.1,68.0,61.6,11.9,0
1458,24,60.5,89.3,51.6,3.5,1
1459,22,85.4,65.9,60.5,11.4,1
1460,19,77.0,73.8,63.4,1.5,1
1461,24,53.0,37.3,74.9,5.9,1
1462,19,74.5,73.2,68.8,1.8,0
1463,20,58.9,89.0,59.7,9.0,0
1464,19,72.1,43.4,55.3,7.7,1
1465,18,77.8,54.2,67.2,8.8,1
1466,22,81.7,72.4,45.4,5.1,0
1467,21,68.0,68.1,66.2,5.1,1
1468,19,89.0,35.5,83.4,1.5,0
1469,24,71.6,63.0,67.6,4.8,0
1470,18,67.0,54.0,71.9,11.2,1
1471,21,60.5,42.6,70.5,5.2,0
1472,22,55.5,84.4,53.4,10.1,1
1473,21,71.3,60.1,91.1,10.3,1
1474,18,66.5,77.7,65.1,5.1,1
1475,23,68.9,38.9,70.0,8.0,1
1476,23,72.2,70.6,62.1,2.0,0
1477,21,68.8,79.1,83.7,2.1,1
1478,20,95.2,55.6,52.5,1.5,1
1479,24,57.1,51.1,85.6,7.4,1
1480,24,71.5,36.5,66.3,5.7,0
1481,21,61.6,44.4,63.6,7.0,1
1482,19,28.1,51.9,62.5,6.7,0
1483,19,62.1,42.4,91.7,4.9,1
1484,24,51.0,46.2,50.7,8.5,1
1485,24,64.0,62.8,63.6,9.3,1
1486,23,64.6,65.0,54.5,1.2,0
1487,20,70.8,79.6,48.2,3.3,0
1488,18,57.0,46.3,85.7,8.8,1
1489,19,58.9,60.4,69.7,5.3,0
1490,24,75.5,52.5,56.1,8.3,0
1491,23,52.9,51.2,79.9,4.8,0
1492,22,37.4,54.3,65.2,5.3,0
1493,23,67.4,56.5,62.2,2.7,0
1494,19,81.1,64.5,76.9,3.8,0
1495,19,75.3,54.1,64.9,7.7,1
1496,23,67.6,82.1,58.4,5.8,0
1497,18,83.8,29.3,78.3,9.5,1
1498,21,81.2,79.0,68.3,10.4,1
1499,19,60.0,53.4,79.0,7.0,1
1500,23,68.7,56.6,65.2,9.3,0
1501,24,69.4,59.8,82.2,4.4,1
1502,23,63.7,72.7,70.2,5.6,0
1503,20,82.0,44.2,82.7,8.8,0
1504,21,62.7,48.2,82.3,5.2,0
1505,22,57.5,69.0,84.8,7.5,0
1506,18,26.1,29.4,70.8,3.0,0
1507,22,53.0,59.4,74.6,7.6,1
1508,21,45.3,45.6,67.2,10.5,1
1509,21,64.4,41.9,59.2,10.6,0
1510,21,46.2,30.5,94.0,9.0,0
1511,22,74.1,73.9,61.0,9.2,1
1512,24,81.6,62.9,80.9,7.1,0
1513,21,64.5,47.9,78.7,7.4,0
1514,23,50.2,57.0,72.2,2.5,0
1515,22,69.3,40.3,68.1,5.9,0
1516,21,93.4,50.3,68.3,6.0,0
1517,23,88.7,56.4,62.1,11.5,0
1518,24,43.9,61.2,71.1,5.7,1
1519,20,43.4,67.1,55.8,7.0,0
1520,24,39.5,27.5,79.0,6.9,0
1521,21,47.9,67.1,67.3,8.0,1
1522,22,68.8,28.9,58.5,9.2,1
1523,19,56.6,67.8,54.7,3.5,0
1524,21,52.4,56.2,68.4,6.8,1
1525,19,80.6,79.6,68.8,10.1,1
1526,23,73.0,47.9,63.8,6.1,1
1527,20,39.4,74.1,76.0,4.1,0
1528,18,79.7,39.0,74.2,8.2,1
1529,24,72.6,61.9,70.7,10.1,1
1530,20,72.9,23.3,58.9,1.7,0
1531,21,56.4,75.9,61.1,9.5,1
1532,19,62.2,91.1,53.2,10.0,1
1533,24,35.4,47.4,67.7,6.1,1
1534,19,78.0,62.2,76.7,11.8,1
1535,22,50.0,68.0,55.5,9.7,1
1536,19,51.9,32.1,63.3,9.5,0
1537,22,51.7,46.5,69.4,9.2,0
1538,23,92.0,45.4,76.7,2.7,0
1539,24,55.0,100.0,52.3,3.4,1
1540,24,79.1,78.8,96.6,6.1,1
1541,18,64.6,56.1,79.0,3.9,1
1542,21,52.6,74.0,62.8,5.6,0
1543,22,49.8,63.8,57.2,10.8,1
1544,18,55.6,70.7,73.4,10.1,0
1545,19,63.9,41.0,75.7,7.9,1
1546,19,74.0,84.7,58.1,10.4,1
1547,18,57.9,46.2,56.6,9.6,0
1548,24,57.4,47.1,59.3,5.7,0
1549,19,51.8,70.6,70.8,3.2,0
1550,23,47.1,66.2,70.9,6.7,0
1551,23,45.8,60.4,96.0,9.1,0
1552,18,79.8,75.1,44.0,5.8,0
1553,22,57.1,39.1,61.9,8.3,0
1554,22,58.4,93.2,63.7,2.0,1
1555,18,55.0,51.0,75.8,9.2,0
1556,22,60.2,58.4,76.3,9.9,1
1557,24,70.6,93.5,67.6,8.8,1
1558,24,57.7,47.2,88.1,11.6,1
1559,22,67.7,78.4,56.6,10.1,1
1560,23,86.3,56.1,61.6,10.9,1
1561,22,52.7,44.8,54.2,11.3,0
1562,24,58.4,53.1,68.2,9.8,1
1563,20,74.6,70.2,66.0,8.4,0
1564,21,87.5,78.3,79.4,1.1,1
1565,19,46.4,64.1,92.2,6.1,1
1566,20,39.5,31.2,87.9,7.3,0
1567,22,65.0,71.4,55.3,4.3,1
1568,23,63.4,57.4,70.6,4.5,0
1569,18,75.5,40.2,79.3,11.6,1
1570,22,73.2,66.2,78.0,10.8,1
1571,23,64.5,80.4,97.8,10.3,1
1572,21,80.7,60.1,67.4,5.5,1
1573,22,54.8,76.6,70.9,1.2,0
1574,24,68.2,68.3,96.9,1.9,1
1575,18,46.8,68.6,75.0,4.4,1
1576,23,64.4,54.5,62.8,1.2,0
1577,23,43.1,74.7,58.3,1.2,1
1578,23,48.3,76.5,72.5,11.1,1
1579,21,90.6,74.3,82.8,8.8,0
1580,22,37.6,54.4,82.6,4.4,0
1581,21,61.8,77.7,59.5,2.5,1
1582,19,77.4,67.0,71.2,6.6,0
1583,19,98.3,42.5,64.6,1.1,0
1584,22,67.7,53.1,68.2,11.3,1
1585,24,68.5,50.5,80.9,5.6,1
1586,21,65.6,24.2,69.4,5.4,0
1587,18,80.9,78.1,77.8,5.3,0
1588,23,71.5,100.0,78.2,1.8,1
1589,23,56.4,81.8,62.7,8.0,0
1590,22,81.7,62.9,84.7,9.1,1
1591,24,58.1,50.7,56.9,8.4,0
1592,19,41.0,43.3,54.8,2.5,0
1593,19,41.1,62.7,64.3,7.4,0
1594,23,62.0,77.4,58.3,7.3,0
1595,22,66.5,47.9,77.3,10.6,0
1596,21,79.3,100.0,100.0,5.2,1
1597,19,74.6,35.1,83.5,5.1,1
1598,21,66.2,64.0,60.2,7.8,1
1599,24,80.2,61.3,58.0,8.0,0
1600,19,65.2,60.1,81.7,6.2,0
1601,19,45.6,49.8,55.8,5.9,0
1602,20,42.4,61.5,58.2,6.4,0
1603,19,84.2,51.9,74.4,10.5,1
1604,18,31.3,83.2,63.5,6.1,0
1605,22,62.0,89.2,71.4,11.3,1
1606,22,100.0,53.0,66.0,6.5,1
1607,21,71.9,30.4,69.7,11.4,0
1608,24,61.9,65.7,80.5,10.2,1
1609,19,39.7,65.1,77.5,5.0,0
1610,18,89.3,61.9,81.0,10.5,1
1611,21,83.2,69.6,77.7,2.2,1
1612,20,75.3,84.9,78.5,11.2,1
1613,21,65.0,75.0,70.0,7.9,1
1614,21,73.6,69.6,52.5,1.6,0
1615,19,62.8,73.6,68.7,8.1,1
1616,20,50.4,64.5,73.8,11.7,1
1617,21,79.3,43.0,70.9,1.8,1
1618,18,64.2,86.1,75.0,7.1,1
1619,18,72.8,61.8,94.7,9.2,0
1620,22,63.2,43.0,64.0,9.9,0
1621,20,71.9,39.7,65.1,5.6,1
1622,20,64.8,43.5,84.5,3.2,1
1623,22,63.6,37.8,71.5,1.5,0
1624,21,65.4,72.0,75.5,7.4,1
1625,20,100.0,56.8,62.9,6.0,0
1626,18,77.0,74.0,61.2,11.4,1
1627,18,100.0,81.1,55.5,1.7,1
1628,19,64.9,76.4,72.1,8.5,0
1629,20,60.4,71.4,58.3,1.3,1
1630,21,48.9,65.2,56.8,2.9,1
1631,22,89.0,56.6,77.9,6.0,1
1632,22,51.4,57.8,62.4,6.0,1
1633,21,92.1,70.5,55.6,8.5,1
1634,24,49.8,42.7,54.4,11.0,0
1635,23,78.3,59.0,80.9,8.0,1
1636,19,41.1,46.6,68.7,11.5,0
1637,22,58.4,81.1,65.2,10.7,0
1638,20,65.3,72.9,72.1,7.4,1
1639,19,56.0,98.5,70.9,10.2,1
1640,20,62.5,46.4,63.6,8.1,1
1641,24,62.5,48.3,66.0,1.9,0
1642,18,77.1,61.0,78.8,9.1,1
1643,19,33.7,46.9,79.9,2.0,0
1644,22,56.6,69.7,59.9,7.5,0
1645,19,83.8,59.1,85.4,8.7,1
1646,19,73.4,51.2,94.1,1.7,0
1647,19,84.1,79.6,66.5,3.5,1
1648,23,76.4,26.7,66.2,11.1,1
1649,19,48.7,69.8,59.2,7.8,1
1650,20,74.9,50.1,62.0,3.7,1
1651,18,66.5,74.7,73.9,8.6,0
1652,24,99.0,79.0,97.8,7.6,1
1653,21,77.0,19.0,78.7,6.5,1
1654,19,72.9,56.2,66.0,11.7,1
1655,22,75.0,61.0,64.9,8.5,0
1656,19,72.0,17.6,62.0,5.1,0
1657,22,71.6,64.1,82.7,9.8,1
1658,20,61.0,50.5,67.1,10.7,1
1659,22,73.0,38.3,75.5,2.4,1
1660,21,79.2,48.3,67.2,3.2,0
1661,18,80.9,45.2,95.4,3.4,0
1662,22,79.1,49.7,63.6,8.6,1
1663,22,87.6,63.3,61.6,7.6,1
1664,18,81.8,77.7,64.2,7.8,1
1665,21,74.4,58.6,75.1,11.3,1
1666,19,47.8,79.8,87.2,9.5,1
1667,22,47.9,41.2,75.1,2.4,0
1668,18,61.3,62.8,78.5,4.8,0
1669,20,65.7,97.9,76.8,5.8,1
1670,18,86.0,31.4,50.0,5.4,0
1671,20,23.3,30.7,69.8,8.4,1
1672,21,49.5,83.0,66.2,10.8,1
1673,19,62.1,64.0,68.3,4.4,0
1674,18,50.0,49.2,60.1,7.1,1
1675,24,53.0,39.7,80.4,9.7,1
1676,24,57.5,59.4,70.6,5.6,0
1677,23,50.8,62.4,70.5,2.8,0
1678,22,53.4,62.5,68.2,6.2,0
1679,21,85.4,39.5,62.4,1.6,0
1680,18,74.2,53.9,48.6,11.4,1
1681,24,76.5,49.8,73.3,1.8,0
1682,22,64.5,71.6,71.4,5.8,1
1683,24,80.2,40.6,76.4,6.8,0
1684,18,77.7,61.4,70.9,11.8,0
1685,20,74.0,100.0,57.0,2.8,1
1686,18,55.2,39.3,60.5,2.3,0
1687,23,58.4,46.5,86.1,1.1,0
1688,18,80.9,58.3,73.8,2.7,0
1689,18,57.2,7.0,79.6,3.3,0
1690,23,45.7,34.3,81.0,7.9,0
1691,21,57.0,65.6,58.2,3.4,0
1692,18,88.4,56.8,65.9,1.2,1
1693,23,57.0,79.0,78.2,10.1,1
1694,22,69.9,55.7,60.2,5.0,0
1695,20,55.8,54.1,65.1,4.9,0
1696,20,76.5,47.3,63.8,4.3,0
1697,18,73.1,53.8,61.1,11.7,1
1698,21,42.6,38.2,68.4,2.9,0
1699,21,69.0,57.3,64.2,10.9,1
1700,22,39.8,42.5,65.2,9.5,0
1701,18,56.7,38.2,73.2,1.8,0
1702,20,64.8,48.5,82.0,11.9,1
1703,21,92.7,68.1,79.2,4.0,0
1704,18,69.8,62.6,72.1,2.1,1
1705,24,53.5,72.0,89.7,10.1,0
1706,21,60.2,43.4,77.9,8.8,1
1707,23,78.9,59.8,79.7,7.8,1
1708,24,53.7,90.6,68.0,2.7,0
1709,21,81.5,85.2,65.4,6.3,1
1710,20,57.2,37.1,74.5,9.6,1
1711,19,51.3,41.8,80.9,4.3,0
1712,24,57.6,90.6,72.1,4.4,1
1713,22,40.8,68.1,62.4,1.0,0
1714,22,32.4,56.6,54.6,2.9,0
1715,20,63.8,54.6,51.0,10.6,1
1716,21,64.0,64.1,70.5,5.9,0
1717,18,68.8,64.3,79.8,11.8,1
1718,21,63.7,50.4,42.4,5.4,0
1719,20,99.9,57.1,62.7,8.9,1
1720,22,67.5,49.8,60.8,4.1,0
1721,21,44.4,63.0,74.6,5.0,1
1722,22,48.2,46.7,62.0,3.1,0
1723,24,65.0,37.2,55.2,4.8,0
1724,18,58.5,86.6,62.7,7.0,1
1725,24,46.6,58.7,60.8,11.9,0
1726,22,64.1,90.5,70.2,8.3,1
1727,22,64.3,25.2,67.4,3.2,0
1728,19,88.9,33.9,75.3,1.5,0
1729,19,51.3,68.4,69.9,2.4,1
1730,24,58.7,58.8,82.2,7.2,1
1731,23,88.9,39.2,64.6,9.4,1
1732,24,69.9,80.5,77.4,11.3,1
1733,19,51.2,44.3,73.8,1.2,0
1734,22,54.3,81.6,66.5,6.8,1
1735,20,46.8,58.7,78.3,6.2,0
1736,24,66.2,40.7,60.4,8.2,0
1737,22,80.5,48.0,84.9,7.2,1
1738,20,89.5,84.7,60.7,8.6,1
1739,20,42.7,54.6,53.9,8.2,1
1740,19,78.0,77.5,53.0,2.3,0
1741,24,67.5,85.2,71.1,9.8,1
1742,21,61.1,58.6,63.2,2.4,0
1743,18,58.7,56.0,72.2,8.7,1
1744,19,36.2,52.7,56.8,5.6,0
1745,19,74.6,66.3,75.8,6.7,0
1746,21,45.2,87.1,72.2,10.9,1
1747,18,53.8,37.9,64.5,10.8,1
1748,22,71.3,63.9,77.5,10.0,1
1749,23,37.8,63.2,76.9,6.6,1
1750,24,45.2,27.5,71.1,9.1,1
1751,23,83.3,44.0,80.6,6.6,1
1752,22,66.8,47.7,83.3,10.6,1
1753,19,55.1,73.8,60.5,5.4,1
1754,18,66.9,76.9,83.6,11.7,0
1755,19,75.0,26.2,59.2,11.3,0
1756,20,81.9,71.5,79.3,9.2,1
1757,19,48.3,69.2,81.4,4.1,1
1758,19,49.6,70.4,67.9,2.4,0
1759,22,74.1,62.7,69.4,10.4,1
1760,22,74.6,77.1,66.4,2.8,0
1761,22,44.8,81.1,60.1,10.4,0
1762,23,50.2,30.6,62.3,6.4,0
1763,20,62.1,59.1,76.0,5.5,0
1764,22,65.4,55.4,80.3,10.9,1
1765,18,65.8,49.7,69.8,7.6,0
1766,23,44.6,51.8,57.9,7.3,1
1767,21,65.6,63.4,56.2,7.1,0
1768,18,54.2,36.7,68.7,5.1,0
1769,24,47.5,72.1,63.7,9.6,1
1770,24,64.8,53.4,84.2,3.8,1
1771,18,63.3,75.7,61.6,11.3,0
1772,22,77.0,48.8,77.2,10.8,1
1773,21,52.1,47.9,62.6,4.7,0
1774,21,68.5,43.0,66.6,9.0,0
1775,23,41.5,48.9,72.1,7.3,1
1776,21,60.9,45.6,76.2,4.7,0
1777,24,72.0,67.8,75.1,11.9,1
1778,20,73.2,78.8,63.3,1.3,1
1779,22,73.3,67.0,71.2,3.8,0
1780,21,77.1,58.6,65.5,6.7,1
1781,23,58.3,68.8,52.8,6.7,1
1782,24,72.4,59.3,72.7,7.5,1
1783,20,93.0,60.5,85.2,9.3,1
1784,19,58.0,54.5,88.5,7.9,1
1785,19,85.7,75.1,73.8,7.6,1
1786,20,78.1,13.8,73.0,1.6,0
1787,24,61.0,21.6,38.6,5.1,1
1788,23,62.3,78.5,100.0,3.6,0
1789,20,66.8,56.5,87.2,3.9,1
1790,22,77.3,76.5,79.1,7.1,1
1791,22,71.0,49.1,70.9,3.2,0
1792,19,57.9,90.1,43.2,4.2,1
1793,21,33.8,57.5,72.2,3.6,1
1794,23,75.1,68.1,70.4,11.4,1
1795,19,36.0,52.0,53.1,11.4,1
1796,21,44.5,43.9,75.4,7.7,1
1797,21,59.0,28.7,84.8,11.2,1
1798,22,46.8,74.1,74.1,9.6,1
1799,24,69.8,67.1,74.0,7.5,1
1800,18,60.6,61.7,74.8,1.1,0
1801,24,76.8,39.5,66.1,9.5,1
1802,18,40.9,85.5,79.1,8.7,0
1803,20,55.1,61.9,88.3,7.8,1
1804,22,65.1,72.7,70.5,9.4,1
1805,21,65.6,59.9,60.9,6.6,1
1806,23,75.4,40.4,53.4,8.7,0
1807,18,51.3,77.9,76.0,11.3,1
1808,24,58.0,68.1,77.4,5.1,1
1809,21,72.6,56.7,74.4,8.8,1
1810,18,32.0,67.8,67.2,6.2,0
1811,18,70.8,74.7,73.3,8.4,1
1812,18,76.5,71.9,63.6,9.4,0
1813,23,45.0,29.2,61.5,1.5,0
1814,22,60.3,33.2,58.0,8.1,0
1815,23,87.4,73.2,58.2,3.5,0
1816,19,74.9,47.5,76.4,8.4,1
1817,21,71.7,41.1,66.8,6.2,1
1818,22,79.9,66.7,61.8,9.5,1
1819,22,92.1,40.6,53.7,2.4,0
1820,22,65.3,51.4,78.1,7.9,1
1821,24,58.9,75.3,82.8,4.1,0
1822,22,79.8,32.7,57.7,10.4,1
1823,23,62.2,35.4,68.5,11.2,1
1824,22,51.1,31.0,58.8,12.0,1
1825,20,56.9,44.5,68.3,9.8,1
1826,21,69.7,61.5,77.3,9.3,0
1827,22,58.3,48.9,89.4,3.4,0
1828,21,59.4,87.1,64.6,4.7,0
1829,20,49.6,68.2,78.4,6.1,1
1830,20,86.5,59.7,78.7,9.5,1
1831,21,59.9,82.8,68.2,11.1,1
1832,18,54.3,36.0,83.9,3.1,0
1833,19,55.9,75.6,66.1,11.1,0
1834,24,77.0,55.7,75.2,8.7,0
1835,18,73.6,51.8,63.1,7.7,0
1836,18,57.5,71.0,76.4,3.2,0
1837,23,65.5,52.6,75.2,1.6,0
1838,24,69.2,63.3,84.2,7.3,0
1839,24,54.4,58.2,92.0,8.2,1
1840,18,41.9,65.5,81.0,3.3,0
1841,22,72.7,50.9,78.0,7.1,1
1842,23,55.3,76.7,65.3,10.4,1
1843,23,71.6,23.2,42.8,10.2,0
1844,20,69.8,71.5,85.6,11.2,0
1845,24,65.8,26.0,92.3,5.0,0
1846,18,58.6,46.4,73.8,4.5,0
1847,20,55.5,69.4,57.9,9.2,1
1848,21,47.9,23.8,86.5,5.7,0
1849,19,55.8,63.0,83.3,2.0,0
1850,23,73.5,35.3,45.6,4.1,0
1851,21,86.0,42.6,71.7,5.6,1
1852,21,83.8,41.7,72.9,4.2,1
1853,22,67.2,35.8,50.7,4.7,0
1854,19,86.0,28.9,57.1,4.2,0
1855,21,60.4,97.3,83.1,1.5,1
1856,21,45.6,56.7,70.8,8.0,1
1857,19,93.8,37.7,58.6,7.6,0
1858,19,73.0,49.9,62.0,8.2,1
1859,21,42.0,60.7,55.6,3.1,0
1860,19,88.4,53.2,70.9,4.3,0
1861,21,53.8,37.2,79.0,7.8,1
1862,21,57.1,43.8,84.1,7.6,0
1863,22,80.3,81.3,62.0,6.6,1
1864,18,85.4,34.8,65.8,4.9,1
1865,21,50.0,24.1,76.0,11.0,0
1866,20,87.1,53.0,81.4,4.7,1
1867,23,78.1,25.2,74.4,6.0,0
1868,24,53.0,43.6,85.2,8.5,1
1869,18,61.3,37.5,91.8,7.0,1
1870,18,87.7,37.6,50.4,4.8,0
1871,18,41.6,61.3,88.2,5.8,1
1872,22,85.7,64.6,85.6,9.7,1
1873,21,77.7,45.5,55.9,4.1,0
1874,22,72.6,58.3,75.6,2.6,0
1875,21,67.0,44.6,77.6,4.4,0
1876,22,94.6,67.2,56.9,10.3,1
1877,22,96.8,33.4,69.3,2.0,0
1878,23,55.8,63.0,71.9,11.9,1
1879,20,74.2,64.3,57.0,7.0,0
1880,22,93.1,100.0,65.9,11.8,1
1881,23,53.2,28.4,86.8,11.3,1
1882,19,68.6,100.0,90.2,6.0,1
1883,20,80.1,73.6,56.8,3.2,0
1884,22,34.8,92.9,38.0,2.8,0
1885,24,77.4,76.3,84.8,3.6,0
1886,18,48.7,43.0,91.9,8.8,0
1887,19,67.9,71.8,80.5,4.0,1
1888,19,82.2,48.0,66.6,4.8,0
1889,23,29.2,58.4,57.0,5.9,1
1890,19,76.8,38.9,77.4,11.0,1
1891,20,95.6,47.8,82.7,3.1,0
1892,22,57.0,76.1,62.1,1.1,1
1893,22,73.7,67.9,73.3,1.7,1
1894,24,85.0,78.4,64.8,11.0,1
1895,18,41.1,34.8,79.0,8.1,0
1896,23,76.4,26.3,45.3,4.0,0
1897,18,80.4,79.8,74.8,2.9,1
1898,19,74.6,78.5,65.6,4.2,0
1899,24,66.3,63.8,92.0,2.3,1
1900,18,50.0,67.5,73.7,11.4,1
1901,20,85.9,75.6,78.5,9.6,1
1902,22,65.5,63.3,58.7,6.1,0
1903,19,51.4,69.7,67.3,10.5,1
1904,24,60.2,74.7,74.7,3.7,0
1905,18,70.5,58.3,65.7,8.9,1
1906,23,41.6,53.8,67.1,10.4,0
1907,20,65.3,66.9,73.2,4.9,0
1908,20,58.7,100.0,49.4,9.3,1
1909,18,85.0,44.7,63.7,4.2,0
1910,22,36.9,52.2,79.5,4.3,0
1911,18,79.1,28.4,65.3,2.2,0
1912,19,86.3,67.8,98.0,5.8,1
1913,18,37.4,50.5,71.1,9.0,1
1914,20,39.2,34.8,47.8,11.3,0
1915,24,91.8,58.9,75.3,7.6,0
1916,18,51.4,86.9,57.3,10.5,1
1917,22,100.0,53.7,74.1,10.0,1
1918,24,37.9,55.3,63.2,2.9,0
1919,23,67.6,86.2,64.0,6.3,1
1920,21,64.6,59.9,82.4,2.3,1
1921,18,61.9,38.3,51.0,8.5,1
1922,22,71.9,72.4,64.2,11.4,1
1923,24,72.8,80.2,62.8,2.5,1
1924,22,62.5,56.4,86.0,9.1,1
1925,23,49.8,62.3,65.8,8.0,0
1926,20,80.7,36.4,58.7,7.4,0
1927,22,74.4,44.3,72.8,5.3,0
1928,24,66.7,54.0,59.3,4.9,1
1929,22,73.9,61.4,61.0,1.5,0
1930,22,76.5,48.8,78.3,3.4,0
1931,22,53.6,53.3,35.6,1.2,0
1932,19,73.4,57.8,58.4,7.4,1
1933,19,56.7,42.0,61.9,2.2,0
1934,20,77.0,55.2,88.5,10.6,1
1935,18,62.1,80.8,75.3,6.8,1
1936,22,74.2,49.3,69.6,8.7,1
1937,23,58.5,43.8,68.8,5.5,1
1938,18,75.0,97.5,71.5,7.2,1
1939,23,50.3,64.1,72.9,11.4,1
1940,18,65.5,46.1,71.5,1.9,0
1941,20,79.7,71.6,93.4,3.8,1
1942,22,72.0,64.6,64.7,9.6,0
1943,22,67.9,49.7,72.1,2.1,0
1944,21,92.1,59.1,70.5,1.8,1
1945,23,80.4,54.8,81.3,5.0,1
1946,18,77.8,77.8,61.7,2.0,1
1947,18,74.9,72.3,65.6,7.4,0
1948,19,76.7,21.4,51.9,3.5,0
1949,21,89.9,94.3,81.8,10.9,1
1950,24,58.7,54.8,51.7,9.6,1
1951,24,80.1,91.0,76.5,8.7,0
1952,19,70.3,72.9,90.2,7.8,1
1953,19,59.3,64.5,93.1,10.5,1
1954,19,63.5,58.3,66.3,3.5,0
1955,23,68.3,100.0,65.8,10.6,0
1956,23,52.1,55.1,69.1,9.7,1
1957,20,78.0,47.9,80.8,9.2,0
1958,20,63.5,49.5,68.4,7.2,0
1959,19,66.3,60.0,66.7,3.7,0
1960,21,85.4,60.0,82.9,5.7,0
1961,18,66.9,78.1,70.5,9.7,1
1962,23,88.3,73.6,68.2,1.3,0
1963,21,57.1,73.7,59.5,9.6,1
1964,22,48.5,55.9,82.3,3.6,0
1965,23,60.7,72.2,73.0,2.6,0
1966,23,22.8,74.1,69.9,2.3,1
1967,20,78.6,58.6,47.7,1.3,0
1968,18,49.4,65.0,81.5,6.8,0
1969,18,55.7,74.0,56.4,3.4,0
1970,24,75.7,63.8,75.4,11.9,1
1971,24,66.8,65.5,60.7,7.3,1
1972,24,58.4,85.3,57.1,2.5,0
1973,24,34.5,63.9,81.1,8.6,1
1974,22,84.5,49.1,71.2,10.9,1
1975,22,75.8,35.8,70.5,9.2,1
1976,23,95.8,62.0,93.4,1.8,1
1977,19,56.1,54.0,93.2,10.9,1
1978,20,43.2,74.5,67.0,9.7,0
1979,20,79.9,88.4,54.3,2.7,1
1980,24,62.2,41.5,87.0,1.6,0
1981,23,74.4,44.1,53.9,7.1,1
1982,21,89.3,59.6,75.7,2.7,0
1983,19,70.8,45.6,66.8,10.2,1
1984,23,67.5,56.0,70.9,4.9,0
1985,19,68.5,50.3,84.7,11.0,0
1986,19,40.4,41.9,60.6,7.2,0
1987,19,81.6,74.9,62.7,3.0,1
1988,23,82.6,61.4,79.1,2.5,0
1989,24,73.0,92.9,91.5,7.3,1
1990,20,42.3,66.5,99.7,9.4,0
1991,20,63.2,83.2,52.6,9.6,1
1992,24,86.6,46.9,65.0,4.0,1
1993,19,56.5,46.7,57.6,3.2,0
1994,21,82.8,100.0,80.2,1.2,1
1995,18,65.8,49.0,70.7,8.5,0
1996,23,75.7,42.9,80.5,1.8,0
1997,18,58.8,38.9,65.3,5.6,1
1998,24,66.3,94.5,78.4,7.6,1
1999,21,71.6,55.1,67.9,11.3,1
2000,23,48.8,67.3,71.7,4.4,0
2001,24,69.1,62.7,63.1,3.7,0
2002,19,24.7,47.0,86.3,8.2,1
2003,20,56.0,54.7,54.8,7.8,0
2004,18,73.2,75.2,68.6,4.7,1
2005,22,81.8,37.9,91.4,11.2,0
2006,22,72.1,72.1,85.3,10.3,0
2007,21,44.1,85.8,59.9,3.5,1
2008,19,80.5,65.3,60.5,3.6,1
2009,18,47.9,84.0,76.2,6.6,0
2010,19,74.2,35.3,77.8,9.5,1
2011,18,48.4,27.1,84.3,1.5,0
2012,21,53.4,64.4,53.1,8.6,0
2013,21,50.7,49.4,85.8,8.1,1
2014,22,67.1,75.8,59.2,3.5,0
2015,19,62.1,54.4,86.0,8.5,1
2016,23,72.6,62.6,50.6,11.3,1
2017,22,64.7,61.5,56.6,1.5,1
2018,19,42.2,62.0,90.7,4.5,0
2019,22,69.1,50.2,91.3,5.8,1
2020,23,38.6,35.4,71.2,10.9,1
2021,20,51.7,56.1,66.0,11.6,1
2022,20,59.5,86.1,69.8,5.9,1
2023,20,58.5,49.0,75.0,9.3,1
2024,20,40.3,48.9,76.1,6.8,1
2025,24,85.6,62.8,66.5,6.9,1
2026,18,89.7,38.8,46.8,4.1,0
2027,24,98.8,78.1,63.5,3.4,1
2028,24,82.2,40.5,51.3,4.2,1
2029,24,59.1,54.8,79.2,7.1,0
2030,20,58.8,100.0,74.4,1.3,0
2031,23,58.0,39.4,68.7,11.0,0
2032,21,94.8,86.5,67.0,2.7,1
2033,21,63.3,62.2,93.6,3.4,0
2034,18,84.0,64.7,83.8,6.7,1
2035,20,82.9,45.4,72.5,8.8,1
2036,20,67.8,74.4,63.5,2.1,0
2037,20,43.2,53.4,85.5,4.5,0
2038,22,63.6,39.3,71.3,11.7,0
2039,19,67.2,86.2,62.2,3.9,0
2040,22,84.2,53.1,62.9,4.4,0
2041,19,65.3,26.5,77.9,10.2,0
2042,20,46.9,55.2,81.4,1.6,1
2043,20,79.8,74.5,77.6,6.1,0
2044,22,61.6,71.7,77.9,5.2,0
2045,22,26.8,48.5,66.3,4.5,0
2046,19,69.9,42.4,63.5,4.1,1
2047,21,72.5,35.4,71.8,2.0,0
2048,19,52.4,59.6,69.0,4.5,0
2049,22,62.1,62.7,58.0,1.5,0
2050,23,74.9,72.8,69.6,9.6,1
2051,22,70.0,57.3,78.3,5.4,1
2052,23,41.6,56.8,65.3,5.9,1
2053,18,83.8,55.0,89.0,10.8,1
2054,22,90.6,62.7,55.0,8.2,1
2055,18,57.3,57.6,60.1,1.1,0
2056,21,36.4,76.9,63.1,11.4,1
2057,19,76.6,65.6,79.9,3.6,1
2058,23,54.9,61.9,72.5,2.2,1
2059,19,73.0,59.2,59.4,9.4,1
2060,18,98.0,43.0,47.5,6.5,0
2061,23,41.8,60.0,55.8,5.8,1
2062,19,53.1,48.4,49.0,3.7,0
2063,22,62.1,66.2,80.5,7.0,0
2064,20,84.4,56.2,57.3,4.0,1
2065,18,100.0,90.0,78.2,10.9,1
2066,19,68.7,37.3,76.5,3.4,0
2067,18,40.5,4.2,84.3,10.7,1
2068,24,59.8,64.8,61.4,7.2,1
2069,18,53.4,48.4,74.9,10.1,1
2070,23,75.8,62.9,71.5,8.8,1
2071,24,70.7,37.8,71.5,8.7,0
2072,23,49.4,94.4,69.8,4.6,0
2073,20,52.5,53.0,80.1,3.6,0
2074,24,59.6,47.3,78.8,3.3,1
2075,22,61.4,94.0,70.0,10.4,1
2076,18,64.4,75.1,64.5,10.0,0
2077,19,65.7,85.0,63.1,5.8,0
2078,21,83.5,56.9,70.4,2.5,1
2079,18,59.1,60.8,72.7,5.2,1
2080,18,56.8,49.3,68.9,7.8,1
2081,20,44.9,47.2,54.5,6.0,0
2082,22,61.6,67.2,66.3,9.6,1
2083,21,68.8,53.4,63.7,12.0,0
2084,24,39.1,100.0,70.2,3.1,0
2085,24,59.9,75.2,100.0,6.1,1
2086,24,82.4,93.9,75.2,5.7,0
2087,23,74.7,19.9,85.1,4.3,0
2088,23,70.6,94.1,61.8,3.2,0
2089,19,74.3,17.1,70.3,1.7,1
2090,21,56.4,37.3,84.7,10.8,1
2091,24,54.4,28.5,51.0,5.6,0
2092,23,84.1,64.4,67.2,6.5,1
2093,19,77.4,59.7,77.4,11.1,1
2094,22,53.8,74.3,69.1,9.5,1
2095,19,36.8,58.4,63.2,2.4,0
2096,23,54.1,82.1,63.9,7.2,0
2097,20,73.2,43.2,73.8,5.9,0
2098,20,55.1,82.5,51.2,9.8,1
2099,24,70.0,59.4,71.5,9.0,1
2100,20,86.3,100.0,78.7,8.6,1
2101,24,63.6,75.7,65.7,4.7,1
2102,24,68.5,54.5,51.3,9.9,0
2103,23,75.3,59.4,63.9,1.6,0
2104,20,48.8,41.8,68.5,2.8,0
2105,24,53.4,66.5,57.1,4.7,0
2106,21,75.9,54.5,70.4,1.8,1
2107,22,65.6,73.0,72.1,3.6,1
2108,19,66.8,35.9,84.4,10.1,1
2109,19,65.5,54.1,68.0,11.4,1
2110,23,79.7,39.1,71.3,4.4,0
2111,20,71.5,40.2,63.4,3.9,0
2112,20,71.7,70.9,64.3,4.1,0
2113,24,83.3,80.2,78.5,4.1,0
2114,18,89.1,18.0,67.2,1.4,0
2115,24,98.7,93.5,79.9,11.2,1
2116,22,56.3,85.3,69.4,3.4,0
2117,21,100.0,35.8,56.3,5.6,0
2118,19,48.5,74.9,61.7,1.1,0
2119,24,94.0,51.7,99.0,10.4,1
2120,18,55.5,58.2,68.8,9.0,1
2121,18,64.0,70.8,50.6,11.4,1
2122,24,65.3,68.6,56.3,9.6,1
2123,23,52.0,49.7,61.4,4.5,0
2124,19,66.3,49.6,59.3,3.7,1
2125,23,52.8,50.7,56.8,8.7,0
2126,21,46.5,80.6,87.5,5.0,0
2127,18,64.4,26.5,78.0,7.2,1
2128,18,88.8,57.1,67.6,1.1,1
2129,22,61.2,88.3,63.0,1.7,0
2130,21,79.1,72.7,68.1,6.9,1
2131,18,52.3,78.9,91.4,7.2,1
2132,21,45.7,57.3,59.6,9.3,1
2133,19,71.8,39.1,51.1,2.5,0
2134,20,91.3,61.0,78.0,6.6,0
2135,18,68.1,47.6,82.1,3.1,1
2136,22,77.4,100.0,87.4,2.0,0
2137,19,87.4,57.2,65.8,5.5,1
2138,24,64.5,71.5,65.9,2.8,1
2139,21,62.7,90.6,94.1,3.4,1
2140,24,72.1,40.3,77.1,4.5,1
2141,23,74.8,19.0,69.0,3.9,1
2142,19,44.0,68.8,76.0,2.0,1
2143,24,69.4,72.2,64.8,2.0,0
2144,18,65.0,52.5,73.6,3.1,1
2145,21,53.2,39.2,73.4,1.6,0
2146,20,64.0,65.6,80.0,7.9,1
2147,19,47.5,59.6,58.2,4.2,0
2148,18,42.3,65.8,74.3,4.1,0
2149,22,66.0,39.6,56.0,4.7,0
2150,23,78.5,65.8,92.5,8.3,1
2151,21,59.8,74.8,65.0,10.6,1
2152,19,50.6,32.9,50.1,9.3,0
2153,19,52.9,86.3,100.0,9.0,1
2154,20,73.2,64.6,63.7,6.3,0
2155,20,90.0,75.3,71.1,8.6,1
2156,22,76.6,37.0,49.7,7.1,1
2157,23,84.5,72.3,69.4,3.4,1
2158,22,49.3,30.4,90.1,3.3,0
2159,18,63.9,42.9,78.5,4.3,1
2160,18,80.3,64.7,49.6,11.0,1
2161,22,44.0,55.0,60.8,7.0,1
2162,23,55.1,60.5,81.0,9.1,1
2163,22,79.1,94.7,77.6,4.8,1
2164,23,68.9,60.2,64.2,5.5,0
2165,23,50.5,72.8,74.8,2.4,0
2166,24,40.5,58.8,55.6,2.9,0
2167,21,85.1,58.3,54.3,10.1,1
2168,23,34.2,42.4,40.1,7.4,0
2169,20,74.5,66.6,81.1,4.7,0
2170,23,57.0,100.0,68.7,9.8,1
2171,23,80.7,61.6,70.1,3.7,1
2172,23,49.4,55.2,33.2,11.7,0
2173,24,100.0,80.5,69.4,4.8,0
2174,24,71.0,78.4,76.6,4.7,0
2175,18,73.5,67.9,44.9,4.4,0
2176,24,53.4,54.4,70.5,2.3,1
2177,20,63.0,80.6,69.2,2.2,0
2178,20,63.4,62.2,64.4,8.1,0
2179,24,91.9,76.4,85.7,10.6,1
2180,22,71.0,45.3,82.8,9.7,0
2181,21,73.2,49.4,100.0,2.6,0
2182,24,73.0,61.7,55.4,7.0,1
2183,23,74.4,37.8,75.1,2.2,0
2184,19,44.2,53.3,88.0,1.5,0
2185,21,95.7,37.0,61.7,8.2,1
2186,21,51.8,32.2,90.3,6.9,1
2187,20,64.4,100.0,74.4,1.9,1
2188,21,88.0,49.0,49.0,1.4,0
2189,24,94.0,50.6,54.6,11.9,1
2190,23,77.1,61.4,63.0,1.3,0
2191,23,57.4,40.9,68.9,5.9,0
2192,18,66.9,51.0,84.9,6.6,0
2193,23,67.5,93.0,68.9,2.3,0
2194,23,68.0,66.4,84.4,2.9,0
2195,20,46.5,77.7,71.3,4.9,0
2196,23,83.9,88.3,70.1,9.4,1
2197,18,67.0,63.8,66.5,6.6,0
2198,19,54.2,56.0,81.8,8.0,1
2199,24,57.5,34.2,71.6,11.8,0
2200,20,69.0,53.1,61.2,9.4,1
2201,19,44.0,57.1,74.0,5.8,1
2202,20,78.2,45.5,64.5,5.9,1
2203,22,68.5,87.8,63.8,7.8,1
2204,21,88.5,79.8,84.2,8.3,1
2205,22,66.2,77.7,68.1,6.5,1
2206,23,48.7,57.9,95.6,8.1,1
2207,19,47.0,41.4,78.8,1.3,0
2208,23,59.1,83.9,60.8,5.7,1
2209,21,60.7,66.0,60.0,4.1,0
2210,20,56.5,73.9,55.1,2.4,0
2211,21,66.9,71.1,77.3,2.1,1
2212,18,56.1,65.6,59.7,7.6,0
2213,21,68.8,96.0,42.8,6.8,0
2214,18,57.2,48.2,50.2,3.8,0
2215,21,74.5,54.4,56.8,6.2,1
2216,24,60.3,89.5,74.0,6.4,0
2217,18,83.7,61.5,69.0,3.1,0
2218,19,74.8,57.7,81.3,8.2,1
2219,23,67.9,55.4,59.1,9.6,0
2220,23,61.9,72.2,66.1,9.7,0
2221,22,42.2,55.9,91.0,7.6,1
2222,23,86.2,53.9,65.9,6.6,0
2223,20,54.8,71.9,72.7,1.7,0
2224,24,66.4,61.7,62.1,4.2,1
2225,21,70.2,41.8,67.3,2.0,0
2226,22,62.2,60.6,75.7,11.6,1
2227,20,85.3,85.1,77.9,2.5,0
2228,20,46.7,73.8,71.4,2.7,1
2229,18,91.0,87.3,66.9,10.8,1
2230,23,75.1,46.8,71.6,11.4,1
2231,19,61.3,79.3,61.2,9.4,1
2232,19,61.5,48.3,67.4,1.1,0
2233,22,31.7,37.8,74.0,1.0,0
2234,24,52.3,45.5,81.8,5.2,0
2235,19,59.7,62.4,59.1,2.6,0
2236,21,67.6,78.5,67.9,1.2,0
2237,19,83.9,65.6,57.9,6.1,0
2238,22,95.6,57.2,64.7,11.4,1
2239,19,69.1,41.4,82.0,4.6,0
2240,21,68.1,72.7,63.6,8.3,1
2241,18,57.6,77.3,68.8,8.2,1
2242,24,39.3,65.4,55.2,3.8,0
2243,22,55.9,41.1,63.3,8.2,1
2244,18,61.9,74.6,51.4,3.3,0
2245,18,79.6,82.1,73.3,2.3,0
2246,18,72.8,87.6,74.4,8.7,1
2247,20,68.3,52.1,74.0,2.2,0
2248,24,56.3,67.9,74.8,12.0,1
2249,23,35.3,50.4,74.1,3.0,1
2250,24,36.2,43.4,51.7,7.5,1
2251,20,40.0,88.5,60.5,5.5,0
2252,23,60.6,70.2,43.1,2.4,0
2253,24,79.9,83.3,64.4,1.3,0
2254,18,79.5,38.0,59.6,7.9,0
2255,22,76.9,65.2,69.5,9.9,1
2256,23,57.3,69.1,99.5,10.3,1
2257,21,82.2,45.0,79.4,6.3,1
2258,21,51.0,86.8,88.4,9.6,1
2259,19,77.8,55.6,79.9,8.4,1
2260,23,39.9,68.2,68.8,9.0,1
2261,22,47.3,50.1,69.9,6.4,0
2262,20,89.8,38.5,80.4,8.0,1
2263,18,61.9,76.4,73.0,9.9,0
2264,19,54.8,66.8,66.5,5.4,1
2265,21,81.5,64.3,87.1,9.9,1
2266,20,83.3,55.0,75.3,7.5,1
2267,20,58.5,66.3,52.9,2.8,1
2268,18,69.2,82.8,67.8,1.3,0
2269,23,67.1,47.7,70.6,5.0,0
2270,21,22.6,70.1,65.1,7.0,0
2271,22,44.1,63.6,65.4,10.2,1
2272,20,79.1,56.7,65.0,2.4,1
2273,18,52.5,30.4,48.6,9.8,1
2274,22,72.9,59.8,46.4,10.5,1
2275,23,68.9,72.1,62.2,2.7,0
2276,21,83.2,65.8,65.2,10.4,1
2277,23,44.5,34.1,53.9,11.9,0
2278,20,70.9,82.4,57.7,9.0,1
2279,22,64.0,89.7,67.0,9.6,1
2280,22,53.2,58.0,82.4,11.9,0
2281,22,53.0,100.0,81.6,7.7,1
2282,20,68.4,45.1,82.0,4.4,0
2283,20,74.4,37.1,57.9,10.2,1
2284,23,66.0,41.7,67.3,7.8,1
2285,19,66.4,64.4,84.8,7.4,1
2286,23,57.5,28.0,48.8,3.8,0
2287,21,58.5,54.4,64.5,9.3,1
2288,18,53.1,100.0,72.7,1.9,1
2289,22,57.2,32.9,49.5,11.2,1
2290,19,73.9,50.2,75.1,4.6,1
2291,18,75.6,41.4,88.6,2.4,0
2292,19,45.9,54.9,84.7,5.9,1
2293,24,51.6,53.7,67.9,1.5,1
2294,23,54.3,47.9,79.8,8.5,1
2295,20,64.0,57.2,49.4,10.9,0
2296,22,39.8,71.4,73.3,10.2,1
2297,23,51.8,84.9,66.3,2.4,0
2298,18,44.2,54.9,68.2,2.4,1
2299,24,71.0,60.1,71.2,9.9,1
2300,24,64.6,68.3,74.7,11.2,1
2301,24,58.1,37.8,52.6,6.1,0
2302,18,49.1,57.3,58.2,6.5,0
2303,18,58.3,50.9,66.9,4.5,0
2304,18,56.5,77.1,48.7,10.8,1
2305,18,89.5,91.5,71.6,8.1,1
2306,24,80.0,46.0,80.0,4.2,1
2307,24,54.6,83.0,86.7,4.3,1
2308,19,67.5,33.7,71.2,10.8,1
2309,23,79.2,63.6,92.6,1.1,0
2310,22,54.6,64.7,69.6,4.5,1
2311,20,43.7,33.3,54.9,7.1,1
2312,24,38.0,45.1,69.3,2.6,0
2313,20,84.1,43.3,67.5,2.0,1
2314,23,62.1,36.4,76.2,10.0,0
2315,23,69.4,12.0,73.2,10.8,0
2316,20,56.4,56.3,72.4,10.1,1
2317,24,46.0,58.4,81.6,10.9,1
2318,20,48.8,58.3,64.8,7.1,0
2319,19,44.9,73.8,76.5,9.9,1
2320,21,77.7,25.1,73.4,5.2,0
2321,24,87.4,53.1,71.4,8.3,1
2322,24,65.6,100.0,69.2,11.9,1
2323,22,42.2,76.0,54.7,3.5,0
2324,18,72.4,76.1,67.0,5.3,1
2325,21,84.0,41.7,67.7,6.3,0
2326,23,79.6,56.5,61.3,2.5,1
2327,24,64.6,18.6,53.7,1.9,0
2328,20,61.5,70.5,63.3,10.1,1
2329,21,64.4,85.2,64.3,11.7,0
2330,22,83.4,33.9,53.9,5.5,0
2331,23,76.4,39.1,53.9,2.0,0
2332,18,59.2,59.4,44.9,1.7,0
2333,18,58.8,62.8,73.5,10.8,1
2334,22,57.8,50.2,81.7,6.1,1
2335,22,49.0,45.3,70.2,4.5,1
2336,20,85.3,45.5,65.1,6.2,0
2337,24,53.2,59.1,53.3,4.5,1
2338,18,72.4,70.6,43.5,6.4,0
2339,23,55.1,59.1,69.6,10.5,1
2340,21,57.8,57.4,77.4,7.5,1
2341,23,63.3,28.3,60.0,8.6,1
2342,19,73.2,75.6,82.7,5.0,0
2343,19,61.1,59.1,61.7,9.1,0
2344,22,47.9,52.1,83.0,8.3,1
2345,20,65.3,64.6,60.6,2.3,0
2346,19,53.5,44.8,38.0,7.3,0
2347,18,88.2,52.5,77.5,3.8,1
2348,23,61.1,61.9,58.9,9.8,1
2349,23,55.0,47.8,51.5,5.7,0
2350,22,94.6,30.4,75.8,11.9,1
2351,24,76.1,27.4,59.3,2.0,0
2352,24,51.5,68.0,53.0,9.6,0
2353,21,53.1,59.4,85.7,8.4,0
2354,22,72.1,58.8,67.5,9.4,1
2355,21,65.7,39.1,52.8,4.4,0
2356,24,78.4,59.6,64.4,6.4,0
2357,22,55.1,52.8,95.6,9.8,0
2358,22,75.5,49.2,71.3,3.6,0
2359,22,31.4,58.6,62.3,3.5,0
2360,24,62.7,65.3,76.0,7.1,0
2361,21,55.7,91.5,64.5,6.8,0
2362,21,58.2,70.2,63.9,4.1,1
2363,22,63.5,75.4,62.1,4.3,0
2364,19,82.1,79.9,80.2,4.1,0
2365,20,47.7,46.2,72.3,9.5,0
2366,24,32.2,54.2,87.1,8.2,0
2367,20,49.4,43.7,73.7,10.2,0
2368,20,80.3,47.7,88.3,11.7,1
2369,21,40.3,52.3,77.8,6.2,1
2370,21,56.4,47.3,66.9,1.7,0
2371,19,77.6,64.0,68.4,1.5,1
2372,20,64.1,67.8,91.9,4.3,0
2373,20,81.9,36.5,85.6,11.3,0
2374,22,34.5,54.4,88.6,6.8,0
2375,21,60.2,54.6,57.9,4.0,0
2376,20,85.1,33.5,47.5,5.4,0
2377,23,48.1,46.2,59.9,7.6,0
2378,19,80.5,75.7,72.0,8.2,1
2379,23,61.5,75.5,62.3,2.7,1
2380,23,71.5,30.7,70.3,11.7,1
2381,24,84.0,68.5,64.6,7.0,1
2382,24,71.4,33.5,48.8,2.5,1
2383,19,56.1,52.8,75.1,10.8,0
2384,23,73.4,58.2,70.4,1.8,0
2385,20,55.1,73.5,86.0,11.0,1
2386,21,69.1,56.9,71.9,12.0,1
2387,19,46.2,41.8,79.4,8.7,1
2388,22,65.4,38.7,60.2,9.5,0
2389,23,82.8,63.0,74.2,4.7,0
2390,19,60.5,48.6,79.7,11.4,1
2391,18,81.4,52.6,76.7,6.8,0
2392,18,100.0,77.5,67.3,9.1,1
2393,24,64.6,67.8,74.2,11.2,0
2394,21,74.2,88.6,77.5,11.7,1
2395,20,72.2,41.7,84.4,10.2,1
2396,21,68.4,47.2,63.3,4.3,0
2397,21,76.8,63.3,56.6,11.6,1
2398,21,61.3,92.7,60.0,7.9,1
2399,21,55.1,45.7,71.7,11.2,1
2400,22,42.1,60.7,70.1,8.4,1
2401,22,59.9,83.8,77.5,4.4,0
2402,24,78.5,60.9,80.0,5.1,1
2403,19,50.9,78.4,47.4,7.1,0
2404,18,68.7,95.2,64.2,9.7,1
2405,21,63.2,65.3,72.5,4.5,0
2406,24,55.7,68.3,83.4,7.4,1
2407,19,37.2,73.4,69.4,4.8,0
2408,18,85.4,43.7,86.4,10.0,1
2409,23,72.8,33.3,76.6,6.1,1
2410,20,100.0,62.9,74.6,1.8,0
2411,22,81.2,48.7,68.7,2.8,1
2412,23,85.1,78.9,69.7,1.7,0
2413,18,38.8,65.7,74.0,6.5,0
2414,23,38.5,78.6,67.7,2.2,1
2415,20,65.6,38.4,83.4,2.3,0
2416,24,47.8,78.0,80.6,11.4,1
2417,18,54.8,18.6,84.4,10.6,1
2418,23,100.0,39.8,57.5,6.0,1
2419,22,82.8,71.4,57.1,11.8,1
2420,22,51.0,51.0,75.9,1.0,0
2421,19,29.5,52.7,69.0,7.8,0
2422,23,49.7,61.9,73.1,7.8,1
2423,21,56.6,85.6,56.6,6.0,0
2424,23,60.2,25.4,52.5,5.4,0
2425,24,45.8,82.5,72.8,6.0,0
2426,18,81.9,83.5,60.9,5.6,1
2427,18,54.3,50.9,78.6,9.0,0
2428,24,74.7,47.5,62.6,2.5,1
2429,23,65.8,57.9,59.4,3.2,0
2430,24,79.1,47.1,42.8,3.0,1
2431,20,61.4,66.2,85.0,3.9,0
2432,24,51.1,68.6,78.4,6.8,1
2433,22,56.0,32.0,52.1,2.2,0
2434,24,56.2,43.4,46.0,10.5,0
2435,18,96.0,38.7,62.8,4.3,1
2436,22,66.1,63.9,81.4,2.8,0
2437,18,65.1,75.7,63.7,8.4,1
2438,19,78.2,40.7,67.5,1.4,0
2439,21,65.0,75.6,81.9,7.8,1
2440,18,81.8,43.4,58.1,8.7,1
2441,22,59.4,72.9,61.8,3.4,0
2442,19,57.9,54.9,72.6,1.5,0
2443,18,50.3,52.0,66.6,5.0,1
2444,20,92.8,80.6,59.5,2.1,0
2445,24,64.0,92.2,78.5,2.3,1
2446,21,47.4,25.0,76.2,3.8,0
2447,18,68.0,70.8,80.0,4.3,1
2448,19,55.2,63.2,68.2,6.8,1
2449,20,59.2,71.8,48.9,8.5,1
2450,23,69.7,34.1,70.1,7.5,0
2451,19,87.8,40.5,55.9,2.6,1
2452,24,66.5,47.9,45.7,2.9,0
2453,19,54.3,63.8,66.7,10.7,1
2454,20,57.4,46.8,71.2,7.1,0
2455,19,74.8,54.2,89.2,10.6,1
2456,20,35.6,74.9,55.5,5.1,0
2457,18,49.4,96.9,78.1,7.8,1
2458,20,68.2,73.7,50.8,6.8,1
2459,20,39.4,75.5,85.2,4.5,0
2460,21,60.3,56.7,61.6,6.2,0
2461,20,57.8,44.0,66.0,6.5,1
2462,20,78.2,54.1,66.1,3.2,0
2463,23,61.2,59.0,79.1,4.5,0
2464,18,82.8,39.1,52.6,9.7,1
2465,24,66.2,74.7,67.9,11.1,1
2466,21,91.6,87.4,62.3,5.0,1
2467,23,44.2,62.2,96.4,4.4,0
2468,22,89.3,79.5,57.0,3.1,1
2469,18,58.8,81.8,39.0,8.5,0
2470,18,87.1,41.4,90.3,4.6,0
2471,22,82.8,28.7,75.9,11.9,1
2472,24,22.2,51.0,60.6,4.6,0
2473,20,72.2,61.7,69.6,5.3,1
2474,23,80.0,38.5,60.4,7.6,1
2475,19,84.9,85.6,46.5,9.8,1
2476,21,47.4,95.1,68.0,6.2,0
2477,19,73.9,63.2,67.9,5.6,0
2478,22,67.9,42.3,74.1,12.0,1
2479,18,71.5,68.8,58.3,1.1,0
2480,24,80.0,42.3,60.7,10.8,1
2481,18,82.4,80.6,65.5,2.6,1
2482,21,55.2,55.8,58.2,9.6,1
2483,18,69.0,73.1,83.6,7.8,1
2484,18,65.6,76.2,80.2,4.8,1
2485,21,61.4,69.7,63.8,10.6,0
2486,23,62.8,92.1,76.4,1.1,0
2487,23,67.9,63.2,55.1,3.5,0
2488,21,56.0,50.9,64.5,7.2,0
2489,24,78.2,22.2,87.6,4.9,1
2490,22,84.0,18.9,77.8,7.7,1
2491,18,52.7,71.7,73.5,1.3,0
2492,24,84.8,56.7,65.7,2.3,1
2493,18,52.7,45.3,69.5,2.4,0
2494,22,78.5,39.9,52.4,3.1,0
2495,23,84.7,73.3,66.1,6.1,0
2496,24,63.6,42.3,74.5,9.3,1
2497,20,52.8,89.4,69.7,11.0,1
2498,20,56.2,100.0,69.7,10.2,1
2499,20,70.4,43.8,62.1,3.2,1
2500,23,94.5,72.1,59.1,5.9,0
2501,23,39.6,67.9,58.0,3.2,0
2502,22,66.5,42.2,67.0,3.9,0
2503,18,63.7,42.3,78.8,6.5,1
2504,22,58.2,57.8,59.7,1.7,0
2505,22,63.8,39.5,70.5,3.4,0
2506,23,56.9,79.6,70.2,11.3,1
2507,20,83.6,55.6,81.2,6.1,1
2508,19,85.1,39.8,70.2,5.9,0
2509,18,66.3,58.4,52.1,1.2,0
2510,23,62.9,68.4,95.5,3.7,1
2511,20,57.6,47.0,81.7,10.5,1
2512,24,66.4,24.1,75.8,2.8,0
2513,19,92.7,62.3,63.1,5.6,1
2514,19,63.4,38.1,66.2,1.2,0
2515,23,52.4,45.7,52.9,6.3,0
2516,21,59.0,68.4,66.0,1.2,0
2517,18,76.3,49.4,72.1,10.0,1
2518,19,54.2,57.5,69.7,10.1,1
2519,23,64.5,86.2,91.0,9.7,1
2520,23,72.1,53.7,78.1,4.1,1
2521,20,55.4,96.4,81.7,10.2,1
2522,24,38.5,73.3,76.5,7.0,1
2523,21,48.9,43.2,72.0,5.1,0
2524,18,52.1,51.4,75.5,7.9,0
2525,22,61.6,37.3,46.2,1.1,0
2526,24,65.7,71.5,66.9,2.6,1
2527,24,77.4,83.8,53.2,9.2,1
2528,20,46.6,53.5,55.8,3.7,0
2529,19,75.2,26.5,84.3,7.6,0
2530,19,59.4,66.5,57.1,5.2,1
2531,20,38.2,44.5,54.1,10.4,1
2532,23,65.2,47.2,74.7,11.5,1
2533,19,84.7,65.6,69.2,10.7,1
2534,21,78.2,82.2,75.4,4.0,0
2535,18,63.9,73.3,91.1,3.1,0
2536,24,81.9,67.7,76.9,6.2,0
2537,24,67.9,57.2,51.4,1.1,0
2538,21,79.7,36.2,81.2,1.3,0
2539,19,40.1,66.3,67.4,7.1,1
2540,24,46.3,72.9,72.0,6.7,1
2541,22,75.9,49.3,50.2,11.9,1
2542,18,88.1,53.4,76.0,3.2,1
2543,18,71.3,80.0,54.4,3.8,0
2544,24,57.5,52.9,76.4,2.2,0
2545,20,52.2,55.1,61.3,11.1,0
2546,24,60.3,58.4,78.7,9.6,1
2547,20,83.2,72.0,54.5,10.0,1
2548,24,59.9,65.3,51.3,10.9,1
2549,22,80.7,63.9,63.5,6.8,1
2550,23,74.8,87.3,73.2,6.0,1
2551,18,90.7,52.6,56.3,4.6,0
2552,24,68.0,42.9,72.4,7.5,1
2553,22,64.3,78.4,80.5,6.0,0
2554,20,81.5,64.2,54.1,6.0,1
2555,20,51.0,49.4,72.5,11.3,1
2556,18,58.3,53.5,76.5,11.8,1
2557,21,39.8,37.1,67.7,9.8,1
2558,24,46.2,64.2,69.0,9.3,1
2559,19,93.9,33.7,53.1,8.5,1
2560,20,75.4,72.3,75.2,2.8,1
2561,23,44.4,50.6,70.7,1.7,0
2562,23,82.9,34.9,71.8,8.6,0
2563,20,54.4,79.8,94.8,9.0,1
2564,21,74.6,100.0,67.5,1.5,1
2565,21,74.4,67.9,73.9,11.2,1
2566,22,90.0,54.9,85.5,2.0,0
2567,23,56.9,42.7,69.4,4.1,0
2568,22,53.9,64.7,61.4,8.4,1
2569,23,24.7,71.5,74.8,2.9,0
2570,24,63.2,60.1,61.8,1.6,1
2571,24,75.9,76.1,84.4,4.6,0
2572,19,77.9,87.3,76.2,9.4,1
2573,24,83.8,37.3,59.7,5.6,1
2574,19,69.3,65.3,55.0,8.2,0
2575,24,72.6,25.7,71.9,7.4,0
2576,18,66.0,45.3,73.1,1.2,0
2577,24,75.6,73.0,55.1,11.9,1
2578,22,51.0,59.2,79.4,1.5,0
2579,20,43.9,31.0,78.0,11.6,1
2580,22,52.6,78.9,74.1,7.0,1
2581,20,68.2,50.2,79.1,11.6,1
2582,21,45.5,75.3,58.1,2.3,1
2583,22,55.5,69.2,58.8,6.4,1
2584,21,56.0,45.0,66.9,2.9,0
2585,19,76.7,75.6,62.4,1.6,1
2586,19,74.9,65.7,76.0,7.8,1
2587,18,66.1,63.2,79.7,3.3,0
2588,24,71.8,51.6,61.6,7.5,0
2589,22,72.1,40.2,59.6,2.2,0
2590,21,59.5,52.5,80.3,4.7,1
2591,20,56.9,52.1,58.2,9.6,1
2592,19,88.1,75.3,66.6,5.8,0
2593,24,27.7,30.3,57.9,7.9,0
2594,19,53.9,86.5,62.9,8.1,1
2595,20,61.9,87.5,51.9,10.3,1
2596,24,73.4,48.5,85.4,4.6,0
2597,24,82.0,85.2,82.1,8.6,1
2598,21,92.9,41.9,60.3,11.6,1
2599,21,63.6,80.3,75.6,9.0,0
2600,22,64.6,45.2,52.8,6.4,1
2601,22,70.4,78.6,77.5,7.9,1
2602,23,57.0,34.1,59.4,9.1,1
2603,23,47.2,79.5,84.6,7.7,0
2604,18,63.6,83.2,76.1,1.2,0
2605,19,76.2,33.5,65.6,3.1,0
2606,22,61.4,91.6,65.1,9.9,1
2607,21,71.2,78.3,71.7,4.0,0
2608,20,37.0,24.0,58.9,9.0,0
2609,21,65.3,51.2,83.5,5.1,0
2610,19,58.9,78.7,73.7,6.7,0
2611,23,45.9,73.0,81.6,1.7,0
2612,21,74.9,62.0,40.6,3.0,0
2613,18,92.7,76.7,70.2,11.5,1
2614,19,79.8,44.3,73.0,10.8,0
2615,23,80.8,60.9,70.0,8.2,1
2616,20,75.7,44.8,70.3,6.1,1
2617,23,74.7,62.4,66.1,8.4,1
2618,24,38.0,78.0,97.1,7.8,1
2619,18,63.1,74.1,72.9,7.3,1
2620,19,72.6,64.0,71.5,1.7,1
2621,20,73.0,77.8,81.2,8.0,1
2622,18,84.1,79.6,63.3,9.5,1
2623,23,49.5,92.4,54.5,11.9,1
2624,18,74.1,81.0,80.9,1.1,1
2625,19,49.0,71.8,66.0,9.0,1
2626,22,61.8,76.8,86.3,7.3,1
2627,18,64.1,64.4,85.6,5.8,0
2628,24,77.9,55.0,42.1,2.4,0
2629,18,76.2,75.6,70.9,5.5,1
2630,23,66.8,73.6,82.9,4.9,0
2631,23,32.7,65.3,48.9,4.3,0
2632,20,71.7,56.5,74.4,9.0,1
2633,23,61.0,55.5,77.9,8.7,1
2634,21,85.9,52.6,69.3,7.5,0
2635,19,82.3,82.6,69.4,11.3,1
2636,19,50.9,81.2,84.4,4.8,0
2637,22,73.7,80.4,52.1,3.7,1
2638,22,74.0,41.1,80.0,8.2,0
2639,19,72.9,53.5,75.5,3.2,0
2640,24,71.0,55.4,85.6,4.5,0
2641,22,74.5,49.1,58.6,3.5,0
2642,20,87.5,93.5,87.7,1.8,1
2643,23,56.7,67.2,53.3,10.1,1
2644,19,51.4,65.9,66.0,3.8,0
2645,22,76.7,51.6,56.0,6.2,0
2646,19,36.7,75.5,78.7,1.5,0
2647,21,74.8,99.4,60.9,8.7,1
2648,18,72.2,61.5,83.6,4.6,1
2649,23,29.8,55.8,49.7,9.2,1
2650,19,55.5,58.4,64.7,5.5,0
2651,18,88.6,54.2,91.4,3.2,0
2652,22,43.1,59.9,60.9,6.6,1
2653,18,68.2,49.0,82.7,2.4,1
2654,23,49.9,44.0,78.4,5.8,0
2655,19,54.4,59.6,54.3,4.5,1
2656,21,93.7,61.5,72.5,11.0,1
2657,24,66.9,55.1,88.3,1.7,0
2658,22,72.8,86.2,65.1,8.6,1
2659,19,63.3,67.5,61.7,3.0,1
2660,23,42.3,73.4,73.9,4.5,0
2661,22,47.2,73.8,67.4,5.6,0
2662,20,82.7,61.9,52.0,11.0,1
2663,18,67.3,63.9,67.3,3.7,1
2664,24,53.4,44.5,64.2,2.0,0
2665,23,64.7,71.8,68.4,4.5,0
2666,20,74.9,54.0,41.2,2.2,0
2667,19,71.8,48.5,74.4,2.4,1
2668,21,53.5,83.4,50.4,7.3,1
2669,22,41.4,36.0,79.0,1.7,0
2670,18,58.9,90.9,82.9,1.3,0
2671,22,81.6,89.5,46.2,8.9,1
2672,24,77.8,56.0,85.5,5.0,1
2673,19,71.2,92.1,68.6,2.4,0
2674,22,62.4,44.0,82.9,3.8,1
2675,18,57.2,77.9,81.2,8.1,1
2676,19,62.7,60.3,52.7,4.0,1
2677,22,76.7,27.5,59.8,6.4,1
2678,21,80.2,48.6,89.4,2.3,0
2679,23,61.1,56.9,55.1,7.5,0
2680,19,100.0,74.0,74.3,4.5,0
2681,23,66.4,51.4,60.9,7.9,1
2682,19,59.8,55.1,59.2,9.9,1
2683,21,87.1,69.7,69.8,7.7,1
2684,23,34.4,68.8,96.3,4.3,0
2685,20,72.2,58.3,79.2,3.8,0
2686,18,63.9,54.5,57.4,4.6,1
2687,20,86.7,76.9,72.3,2.8,1
2688,22,74.1,54.4,47.7,3.0,0
2689,21,67.1,38.6,42.9,9.7,1
2690,20,74.9,52.9,72.0,5.2,0
2691,19,49.2,69.8,78.6,5.8,0
2692,22,79.5,57.3,88.7,7.5,1
2693,22,44.8,51.0,74.5,7.5,0
2694,20,70.4,37.4,70.1,1.7,1
2695,20,65.5,57.4,65.9,10.1,1
2696,21,38.6,64.1,76.3,3.0,0
2697,18,66.0,41.9,55.4,9.0,1
2698,20,69.2,56.6,61.9,9.5,1
2699,24,55.2,40.3,55.8,8.9,1
2700,20,49.8,57.7,63.7,7.4,0
2701,23,72.4,91.1,61.3,1.2,1
2702,19,70.4,63.1,60.5,5.0,1
2703,24,68.4,31.5,62.3,7.7,0
2704,24,65.1,66.0,72.5,5.3,1
2705,23,56.5,83.6,85.2,10.5,0
2706,23,99.1,35.1,73.5,4.4,1
2707,22,60.5,41.2,63.1,4.2,0
2708,18,52.0,64.7,75.3,3.9,0
2709,19,65.8,58.4,71.3,4.7,0
2710,21,62.3,81.8,72.0,7.1,1
2711,24,60.2,56.7,69.7,8.8,0
2712,21,93.1,74.9,90.7,8.3,1
2713,20,48.1,87.5,71.2,9.9,1
2714,20,65.6,44.4,63.3,10.7,1
2715,21,49.1,73.5,60.7,10.0,1
2716,20,56.9,52.8,80.8,1.2,0
2717,18,91.0,20.1,55.8,9.1,1
2718,23,69.2,68.6,86.3,3.3,0
2719,20,69.0,70.8,47.0,2.5,0
2720,22,50.9,32.1,84.7,8.0,1
2721,20,58.6,51.8,79.6,4.5,0
2722,19,92.3,48.8,64.7,1.6,0
2723,18,72.5,74.6,61.0,2.5,0
2724,19,59.9,32.1,84.8,1.0,0
2725,19,71.6,61.9,91.6,10.9,1
2726,22,69.0,17.9,62.6,1.3,0
2727,18,52.4,66.8,77.0,3.3,0
2728,18,59.5,62.3,81.8,5.6,0
2729,18,98.8,50.8,77.2,4.9,0
2730,18,70.9,85.7,70.7,11.0,1
2731,18,41.5,12.8,65.3,1.4,0
2732,22,72.7,59.7,73.3,6.6,0
2733,20,84.5,81.6,45.0,8.5,1
2734,19,51.4,62.3,86.1,11.2,1
2735,18,58.1,84.6,49.5,7.8,0
2736,24,86.8,51.9,59.9,9.8,1
2737,20,65.5,57.0,66.0,1.9,0
2738,20,62.9,82.2,58.0,5.2,0
2739,19,45.0,76.1,56.5,5.1,0
2740,22,81.1,100.0,86.9,10.7,1
2741,21,62.2,61.9,91.6,2.7,0
2742,21,32.4,63.6,88.6,2.7,1
2743,20,41.4,51.7,80.0,4.6,1
2744,23,56.6,56.3,99.6,1.6,1
2745,23,48.9,79.4,66.8,3.0,0
2746,19,51.3,60.0,65.7,11.6,1
2747,21,100.0,45.5,70.1,5.7,0
2748,20,75.6,53.2,87.1,8.0,1
2749,22,26.3,58.4,77.0,9.0,1
2750,21,60.3,46.6,90.7,5.0,1
2751,20,63.7,51.8,70.8,2.6,0
2752,20,42.8,42.0,52.0,3.3,0
2753,18,73.0,52.4,61.9,4.4,0
2754,22,34.4,81.0,82.3,8.0,1
2755,18,81.5,60.9,64.1,5.4,1
2756,19,86.6,100.0,71.1,1.1,0
2757,18,100.0,46.3,73.0,6.8,1
2758,24,41.4,68.7,91.7,11.1,1
2759,18,44.4,64.0,80.6,9.9,1
2760,24,75.4,71.7,78.2,10.1,1
2761,21,82.7,49.1,71.9,9.7,1
2762,23,77.1,53.4,60.0,4.6,1
2763,20,81.2,67.3,72.9,9.4,0
2764,24,85.7,50.9,96.1,2.6,1
2765,22,68.0,28.1,76.2,8.2,0
2766,18,61.8,83.6,63.4,8.1,1
2767,24,44.5,76.0,65.0,1.3,0
2768,22,60.5,52.5,87.0,9.7,0
2769,23,62.8,63.9,63.6,10.9,0
2770,23,50.8,78.1,67.6,3.9,0
2771,18,64.4,84.2,56.3,9.9,0
2772,19,49.1,61.9,66.7,1.9,0
2773,18,81.7,49.5,75.7,7.6,1
2774,21,71.4,86.4,66.4,6.3,1
2775,24,58.1,61.7,70.3,7.0,0
2776,20,67.8,57.4,56.2,11.2,1
2777,19,48.4,64.7,63.3,10.6,0
2778,18,49.9,80.8,95.6,9.6,1
2779,22,55.5,59.3,68.4,4.0,0
2780,19,62.1,77.7,74.4,11.0,1
2781,24,67.1,56.2,60.4,2.1,0
2782,19,67.2,71.0,70.6,10.4,1
2783,24,45.2,42.9,66.8,4.6,0
2784,18,63.8,79.3,83.2,1.6,0
2785,24,52.7,47.8,82.6,8.4,1
2786,19,13.9,68.3,83.9,3.5,0
2787,22,100.0,33.2,71.0,3.7,0
2788,23,53.0,60.4,94.5,4.4,0
2789,19,53.9,63.4,79.6,1.7,0
2790,24,44.8,47.7,52.8,2.9,1
2791,23,49.1,58.0,88.5,1.1,0
2792,24,62.2,64.7,69.9,5.9,0
2793,22,85.3,70.1,83.7,1.9,0
2794,24,62.1,61.8,57.4,8.5,1
2795,18,60.1,84.0,69.1,3.6,0
2796,20,83.0,80.8,79.0,11.4,1
2797,19,57.1,59.4,72.9,10.6,1
2798,20,65.3,36.1,68.2,4.2,0
2799,24,51.2,51.2,40.5,9.6,0
2800,22,90.3,19.9,61.1,9.8,1
2801,19,80.7,56.7,58.3,11.9,0
2802,24,62.7,85.2,47.7,7.6,0
2803,23,59.0,74.2,61.5,1.9,0
2804,21,64.5,61.5,92.3,8.1,0
2805,24,62.9,46.9,83.9,7.9,1
2806,20,41.8,62.2,60.0,8.0,0
2807,19,81.2,98.4,62.9,4.4,1
2808,20,61.6,86.8,63.0,10.5,1
2809,19,93.5,57.3,79.1,11.6,1
2810,24,71.3,33.3,74.9,3.4,0
2811,18,27.2,99.7,61.5,2.0,0
2812,23,45.8,46.9,62.8,3.1,1
2813,24,32.8,69.5,83.0,10.0,0
2814,20,45.6,31.9,88.3,8.4,0
2815,21,40.5,54.2,59.2,8.0,1
2816,21,68.8,31.9,68.6,5.4,0
2817,22,60.3,39.1,71.5,7.4,0
2818,19,76.1,43.4,67.7,4.4,0
2819,20,64.4,68.6,83.6,6.2,0
2820,22,61.4,58.3,68.2,9.7,1
2821,20,95.0,100.0,92.9,11.8,1
2822,19,68.3,80.4,84.4,11.3,1
2823,24,63.8,80.8,61.8,11.3,1
2824,24,52.2,69.1,70.8,5.4,1
2825,21,47.4,65.0,58.3,6.2,0
2826,24,76.6,81.4,65.3,8.8,1
2827,24,75.7,17.1,80.4,11.1,1
2828,18,88.6,48.8,72.9,2.6,0
2829,21,72.2,35.5,95.4,4.3,0
2830,22,59.1,26.1,55.3,2.5,0
2831,23,72.7,46.2,69.6,7.7,1
2832,18,63.8,39.3,63.9,4.4,1
2833,22,78.0,81.5,66.2,4.6,1
2834,19,85.0,61.6,70.5,1.8,0
2835,18,62.5,23.8,61.9,4.8,1
2836,22,91.4,65.7,81.5,10.5,1
2837,19,82.8,41.8,91.0,3.6,1
2838,21,65.3,61.1,42.0,8.6,0
2839,23,75.1,67.1,86.7,7.9,1
2840,19,69.6,46.5,100.0,10.5,1
2841,24,65.3,63.9,72.3,2.5,0
2842,20,93.7,67.2,62.7,11.8,1
2843,19,72.8,57.0,63.1,7.4,1
2844,19,52.4,47.0,66.3,12.0,1
2845,23,49.6,60.1,75.2,11.0,1
2846,20,50.2,57.5,64.9,3.4,1
2847,24,72.3,65.7,69.0,1.6,0
2848,22,59.9,55.3,58.5,3.8,1
2849,22,70.0,38.5,64.5,6.8,1
2850,19,79.0,57.0,65.1,2.9,0
2851,20,95.4,65.9,69.6,2.8,0
2852,20,60.2,63.3,52.5,6.1,0
2853,24,43.9,58.0,66.0,1.4,0
2854,23,91.9,51.2,67.4,2.3,0
2855,21,43.1,50.3,72.2,5.6,1
2856,22,42.6,52.2,86.8,1.7,0
2857,23,91.5,79.4,68.8,5.4,0
2858,18,81.0,42.9,55.4,6.2,0
2859,22,72.3,61.6,71.6,6.0,0
2860,23,64.3,37.4,61.5,10.6,1
2861,22,61.4,73.8,61.2,6.8,1
2862,21,55.2,50.3,66.4,6.1,0
2863,18,60.8,45.1,63.8,5.5,1
2864,21,64.3,63.9,57.2,10.0,0
2865,24,44.4,15.7,64.2,10.8,1
2866,18,52.7,36.6,75.5,10.4,1
2867,19,33.3,66.5,70.5,8.4,1
2868,23,66.2,78.3,58.1,2.5,0
2869,18,66.2,68.1,59.7,4.0,0
2870,24,91.7,62.5,71.5,1.5,0
2871,24,70.6,100.0,58.2,11.2,1
2872,21,56.7,68.8,59.2,8.3,0
2873,22,62.0,41.2,63.1,9.2,1
2874,18,72.3,78.4,58.3,4.4,1
2875,23,68.4,48.5,71.2,10.3,1
2876,18,73.7,47.3,66.3,3.9,0
2877,20,70.7,35.1,86.9,1.0,0
2878,22,61.2,52.6,56.1,5.1,1
2879,23,57.0,37.9,83.8,7.3,0
2880,23,56.2,70.0,72.8,6.3,1
2881,19,51.1,57.7,87.9,10.5,1
2882,21,48.8,35.5,86.3,2.2,0
2883,19,92.6,58.5,64.9,7.1,0
2884,23,66.9,77.9,53.1,6.6,0
2885,22,62.7,89.2,68.2,4.1,1
2886,18,57.6,27.8,46.3,10.0,1
2887,18,71.4,46.0,77.9,9.3,1
2888,22,83.1,36.8,71.8,9.1,0
2889,23,75.8,66.4,62.8,10.6,0
2890,24,78.8,34.6,64.6,9.0,1
2891,18,56.2,79.1,57.7,3.6,1
2892,24,64.9,81.7,69.6,8.8,1
2893,18,56.4,74.7,58.1,4.4,0
2894,18,66.6,47.1,69.6,3.7,0
2895,21,84.1,48.2,74.2,1.8,0
2896,21,71.6,51.8,77.8,9.2,1
2897,20,89.4,79.9,75.3,8.8,1
2898,19,60.7,29.4,66.4,3.6,1
2899,22,52.9,67.0,75.3,9.2,0
2900,22,72.7,43.2,71.6,11.1,1
2901,22,66.8,52.5,71.5,2.2,0
2902,20,69.8,73.3,57.7,3.6,1
2903,21,67.6,32.7,55.0,9.3,0
2904,23,57.7,55.0,73.1,4.0,1
2905,24,67.9,57.7,75.8,7.9,1
2906,24,79.6,59.3,62.5,1.9,1
2907,23,81.1,58.1,84.1,6.0,1
2908,20,57.7,70.0,96.6,9.1,1
2909,23,68.5,51.9,91.0,8.6,1
2910,22,87.2,66.6,66.8,10.0,0
2911,19,58.0,65.9,64.8,10.7,1
2912,18,55.3,65.1,79.4,9.5,0
2913,24,76.9,69.5,78.1,8.4,1
2914,21,74.3,65.1,56.6,1.3,0
2915,21,52.4,58.4,67.1,6.9,0
2916,20,44.0,37.2,77.9,1.4,0
2917,21,68.2,84.4,59.2,9.9,1
2918,22,58.7,90.5,61.1,4.5,0
2919,24,39.7,53.5,62.9,7.2,1
2920,23,54.7,68.2,65.2,4.1,0
2921,22,74.0,50.1,51.2,9.6,1
2922,20,62.7,47.0,78.3,10.8,1
2923,22,88.5,61.0,61.2,5.4,1
2924,23,33.7,100.0,72.4,10.5,0
2925,19,85.1,88.7,71.1,3.9,1
2926,20,59.8,86.0,57.9,6.9,0
2927,19,57.7,69.3,48.8,10.4,1
2928,18,41.7,43.5,71.1,4.6,0
2929,19,72.0,78.7,64.8,11.5,1
2930,18,37.6,8.8,75.5,2.3,0
2931,18,77.3,67.0,79.7,1.2,0
2932,19,42.3,79.8,45.5,10.9,1
2933,20,44.7,62.7,67.2,1.8,0
2934,23,47.1,89.9,82.5,11.9,1
2935,22,54.3,34.3,87.2,11.5,1
2936,22,79.1,88.8,48.0,2.5,0
2937,23,87.6,57.2,83.8,6.9,1
2938,24,55.8,86.1,57.9,3.0,1
2939,24,64.3,78.4,78.5,5.7,1
2940,18,72.3,87.3,63.4,1.7,0
2941,18,60.1,77.6,79.0,3.5,1
2942,20,71.8,72.5,65.7,5.0,1
2943,21,64.9,84.6,52.7,5.8,1
2944,19,61.2,61.0,63.0,11.8,0
2945,18,43.7,70.8,76.5,9.9,1
2946,22,67.2,59.9,64.9,9.1,0
2947,20,79.4,47.7,57.1,6.9,1
2948,19,53.3,69.5,54.7,10.2,1
2949,20,35.5,63.5,60.3,4.7,0
2950,19,60.2,82.6,60.2,8.8,0
2951,19,87.6,56.5,76.9,11.9,1
2952,23,83.2,46.3,65.3,4.5,0
2953,18,56.3,82.4,66.4,8.4,1
2954,20,71.8,61.1,67.8,10.3,1
2955,20,74.2,45.8,76.5,11.1,1
2956,23,87.4,85.0,77.6,8.9,1
2957,22,41.7,76.7,63.7,4.1,1
2958,22,49.0,93.3,66.8,4.6,0
2959,24,34.9,53.9,77.7,1.2,0
2960,18,54.8,51.3,61.7,9.4,1
2961,18,81.0,40.4,63.4,1.5,1
2962,21,56.6,49.8,77.7,10.5,1
2963,23,45.4,53.0,63.1,2.3,0
2964,22,68.4,72.3,73.0,2.9,0
2965,19,68.8,43.3,51.0,6.2,0
2966,20,49.7,48.1,77.0,9.1,1
2967,18,57.4,90.5,67.6,2.5,1
2968,20,67.3,7.2,74.9,5.8,0
2969,20,76.2,68.6,83.4,6.3,1
2970,21,55.3,36.8,66.0,3.3,0
2971,22,53.1,45.5,51.6,2.3,0
2972,18,93.7,85.6,65.7,10.2,0
2973,20,60.9,61.3,84.6,6.5,1
2974,18,68.7,100.0,72.0,1.2,0
2975,19,74.7,71.3,57.2,9.8,0
2976,21,38.2,45.1,67.7,11.8,1
2977,19,64.7,70.0,75.9,7.7,1
2978,18,40.3,80.3,68.5,6.5,1
2979,24,63.0,69.4,68.2,10.7,1
2980,18,85.6,56.1,61.4,11.5,1
2981,22,50.0,29.6,62.4,9.3,0
2982,20,40.0,54.2,72.7,5.9,0
2983,20,93.3,90.0,75.9,7.5,1
2984,19,47.8,45.7,67.9,8.7,1
2985,21,42.5,52.6,64.1,3.1,0
2986,24,89.3,77.9,79.1,5.9,1
2987,23,47.2,71.2,64.9,10.1,1
2988,20,89.7,36.4,73.5,8.2,0
2989,22,69.1,58.0,76.4,5.5,1
2990,19,84.3,85.3,54.8,8.3,1
2991,19,67.8,60.5,71.7,2.3,0
2992,23,81.2,85.8,37.6,5.4,0
2993,22,51.2,86.8,68.8,9.7,0
2994,21,55.8,43.3,77.0,3.4,1
2995,22,33.3,54.7,74.0,3.0,0
2996,21,79.6,71.8,79.6,11.5,1
2997,22,71.3,32.3,74.2,3.3,0
2998,22,49.9,56.0,63.5,3.9,0
2999,18,38.8,69.8,51.5,11.7,1
3000,19,69.2,48.8,71.4,9.1,1
3001,22,90.1,70.6,75.7,8.7,1
3002,23,62.9,49.2,48.9,10.4,0
3003,22,55.1,49.0,74.8,2.3,0
3004,20,50.9,73.4,71.1,8.8,1
3005,19,83.7,84.6,65.6,6.5,1
3006,20,53.3,47.2,75.3,10.1,1
3007,19,59.4,38.2,66.7,6.6,0
3008,20,80.6,59.3,65.9,7.8,1
3009,22,74.6,68.4,54.7,6.3,1
3010,22,60.0,47.0,74.9,6.3,1
3011,18,54.5,89.9,54.3,9.4,0
3012,23,87.0,57.4,61.8,7.9,1
3013,20,48.3,46.9,75.5,8.0,0
3014,21,61.8,94.8,68.0,6.0,0
3015,18,42.4,82.8,90.5,6.8,0
3016,20,82.8,46.9,77.1,9.2,1
3017,20,57.9,79.2,79.0,10.1,1
3018,18,54.5,48.2,80.2,8.7,0
3019,22,74.9,73.8,67.1,11.2,0
3020,20,43.6,92.0,63.6,10.0,1
3021,22,74.5,38.2,55.4,7.2,1
3022,18,59.6,50.3,52.6,8.4,1
3023,22,46.9,50.7,83.8,11.2,1
3024,19,50.1,64.8,62.5,7.8,1
3025,21,54.7,68.5,80.7,10.1,1
3026,24,58.3,58.4,52.3,8.6,1
3027,20,47.0,29.7,67.8,7.1,0
3028,23,69.4,37.8,85.2,3.7,0
3029,21,46.6,44.1,73.2,5.7,1
3030,24,29.5,70.1,73.5,11.6,1
3031,22,93.8,34.9,63.0,8.2,1
3032,20,68.0,43.6,59.2,7.2,0
3033,22,95.1,39.6,69.5,11.3,0
3034,19,49.3,66.1,56.5,7.5,1
3035,18,72.2,80.4,68.7,6.8,0
3036,20,78.4,62.8,81.8,9.4,1
3037,24,62.2,95.9,54.8,8.8,1
3038,24,43.3,62.8,77.7,3.1,0
3039,19,61.0,58.3,82.0,6.2,0
3040,19,74.4,45.9,66.9,6.2,0
3041,20,73.8,63.7,70.4,5.2,1
3042,22,65.0,45.1,64.2,6.7,1
3043,23,78.5,42.4,66.3,5.5,0
3044,24,77.8,41.9,79.8,3.2,1
3045,24,57.1,56.0,78.7,5.5,1
3046,19,42.2,51.0,74.7,1.8,1
3047,21,67.9,100.0,77.3,7.3,1
3048,19,53.8,63.8,72.4,10.4,1
3049,23,67.2,63.5,55.3,9.0,1
3050,22,85.2,50.1,82.8,5.0,1
3051,22,71.6,100.0,59.3,2.0,1
3052,21,84.4,43.4,68.8,3.2,0
3053,24,49.8,51.5,80.2,7.0,1
3054,19,81.3,78.0,53.2,3.3,1
3055,22,90.1,63.6,77.5,7.0,0
3056,23,66.0,37.1,55.7,3.5,0
3057,20,99.8,60.5,77.1,10.3,0
3058,18,52.1,72.2,84.4,5.4,0
3059,18,55.4,69.2,61.1,3.7,0
3060,18,74.7,71.9,59.6,9.9,1
3061,24,65.8,99.3,70.9,4.8,1
3062,19,53.9,64.9,59.2,2.2,1
3063,21,74.3,74.3,43.9,7.3,1
3064,22,70.3,16.4,69.7,7.4,0
3065,20,56.2,93.6,74.0,8.9,1
3066,23,67.8,61.2,66.1,3.6,0
3067,20,76.4,44.4,71.4,5.9,1
3068,23,55.9,56.5,82.6,4.1,0
3069,24,72.8,71.9,65.7,1.9,0
3070,19,52.0,78.6,67.3,10.6,0
3071,18,54.9,58.3,69.8,9.0,1
3072,19,81.7,70.8,66.2,4.3,0
3073,24,74.2,55.3,66.2,7.6,1
3074,21,36.7,68.8,90.5,3.2,0
3075,21,59.4,63.7,71.5,10.8,1
3076,24,72.3,65.4,66.4,2.3,0
3077,23,67.1,54.4,86.6,1.0,0
3078,22,74.3,67.3,83.0,6.5,0
3079,22,66.7,45.1,77.5,7.4,0
3080,23,63.0,63.5,62.7,7.4,0
3081,21,62.6,48.6,100.0,1.6,1
3082,21,81.4,42.1,51.2,4.5,1
3083,21,75.4,47.3,48.6,6.5,1
3084,19,71.1,56.3,74.6,3.4,1
3085,21,66.3,50.5,65.7,10.6,1
3086,20,56.8,67.1,40.3,2.0,0
3087,18,60.4,61.4,68.3,6.4,1
3088,21,81.0,78.3,70.9,8.6,0
3089,23,79.6,58.5,68.0,3.9,1
3090,18,55.3,63.3,73.6,7.9,0
3091,19,66.5,93.6,64.4,10.1,1
3092,23,72.5,52.1,68.3,3.1,0
3093,18,71.5,54.9,85.7,11.1,1
3094,23,71.4,81.7,81.5,7.1,0
3095,19,48.3,42.8,67.5,4.3,1
3096,20,47.4,83.7,76.6,5.7,0
3097,19,82.6,55.7,80.5,4.4,0
3098,19,87.6,45.0,58.7,9.0,1
3099,23,42.8,76.3,74.0,9.8,1
3100,24,64.6,55.5,71.9,10.2,1
3101,22,77.2,92.8,77.9,11.8,1
3102,21,31.9,61.5,58.7,9.7,1
3103,21,48.9,61.3,69.6,7.6,1
3104,20,63.6,49.5,60.9,4.7,0
3105,20,56.0,57.4,74.0,7.0,1
3106,21,68.1,55.1,60.1,1.5,0
3107,22,87.1,84.0,63.5,9.2,0
3108,21,52.2,65.2,71.5,5.9,0
3109,24,65.8,72.7,58.7,1.2,0
3110,22,59.8,61.8,50.6,1.7,0
3111,20,67.0,52.6,82.5,5.3,1
3112,18,65.1,66.7,62.3,7.4,1
3113,23,100.0,88.6,53.2,6.1,1
3114,24,87.3,41.1,56.7,7.8,1
3115,24,41.3,67.6,68.8,6.3,0
3116,20,51.5,86.9,88.9,8.3,1
3117,20,53.3,45.3,68.3,3.4,1
3118,19,46.5,76.6,77.0,2.2,0
3119,24,44.5,76.6,65.4,7.6,0
3120,19,62.3,36.7,72.2,6.3,1
3121,19,53.9,80.0,67.5,1.3,0
3122,23,51.6,49.3,76.8,5.2,0
3123,19,95.3,66.5,56.4,2.2,0
3124,22,54.9,78.4,70.9,6.8,1
3125,21,58.4,81.6,71.8,5.4,0
3126,18,76.1,32.4,74.8,7.7,0
3127,20,58.3,92.2,53.9,9.9,1
3128,22,47.5,85.5,64.3,4.3,1
3129,18,61.1,78.9,77.2,11.6,1
3130,24,95.1,66.5,72.7,6.9,1
3131,24,57.8,52.2,90.8,7.8,1
3132,24,51.3,40.5,63.6,8.5,1
3133,22,71.3,30.8,46.2,8.3,1
3134,22,60.4,71.6,64.4,6.6,0
3135,20,100.0,78.9,38.1,5.7,1
3136,21,53.2,58.5,78.4,1.6,0
3137,19,91.0,51.7,70.0,1.2,0
3138,24,82.5,61.3,74.8,4.9,0
3139,23,59.3,48.5,76.7,4.7,0
3140,21,64.9,60.4,82.5,5.3,1
3141,23,49.6,47.4,38.9,2.5,0
3142,20,56.9,71.0,45.5,9.1,1
3143,20,59.2,82.4,60.9,10.4,1
3144,20,67.4,69.2,66.4,11.3,1
3145,18,43.8,58.6,72.4,6.4,1
3146,23,69.7,77.8,71.5,8.7,1
3147,21,62.8,60.3,72.1,10.4,1
3148,21,71.0,77.2,51.2,5.6,0
3149,22,73.2,48.5,60.5,4.4,1
3150,22,61.6,50.9,66.1,11.3,1
3151,24,72.3,42.2,68.2,6.7,0
3152,22,63.7,51.6,64.0,6.5,1
3153,20,76.2,77.7,73.1,3.0,0
3154,21,69.7,44.3,56.3,2.2,0
3155,23,67.7,18.5,64.2,10.3,1
3156,20,63.5,52.5,76.0,7.8,1
3157,18,84.4,38.9,72.5,4.6,1
3158,22,71.1,50.9,65.5,3.1,0
3159,20,45.2,97.9,65.8,7.1,1
3160,20,57.9,44.0,64.3,7.4,0
3161,18,61.6,71.4,66.0,3.3,0
3162,19,65.0,58.6,64.0,10.4,1
3163,21,67.7,66.7,65.6,1.9,0
3164,23,50.8,50.8,73.5,4.9,1
3165,24,64.0,80.9,73.3,8.5,1
3166,19,60.3,67.7,54.2,4.0,0
3167,22,81.3,68.2,91.5,10.1,1
3168,20,50.1,61.8,63.5,9.1,1
3169,18,64.7,82.6,75.6,9.7,1
3170,18,54.7,70.1,57.1,2.3,0
3171,21,92.9,66.7,87.6,2.5,0
3172,19,83.8,71.7,76.5,4.2,0
3173,24,40.4,28.3,74.6,6.7,0
3174,21,53.1,63.4,67.9,9.2,1
3175,20,78.1,58.8,47.9,10.2,1
3176,21,71.9,81.0,90.0,8.7,0
3177,23,71.4,47.4,80.2,11.2,1
3178,18,67.9,63.6,66.1,9.1,0
3179,18,79.3,94.6,75.7,4.4,1
3180,22,76.7,59.5,54.3,3.9,1
3181,22,60.6,36.1,47.1,8.7,0
3182,24,47.0,99.1,70.2,3.1,0
3183,20,39.6,47.1,60.4,2.0,1
3184,23,63.4,41.3,64.2,6.9,0
3185,19,37.4,42.0,69.4,10.0,0
3186,21,68.8,73.1,55.8,2.1,1
3187,24,60.4,83.4,69.0,9.7,1
3188,20,94.2,91.7,56.8,9.9,1
3189,22,70.1,60.3,82.1,6.3,1
3190,21,64.6,42.2,68.8,1.6,0
3191,22,40.8,49.7,76.3,2.9,1
3192,21,46.1,60.6,48.7,8.8,0
3193,19,75.2,59.6,77.1,8.8,1
3194,20,60.3,83.5,88.0,10.9,1
3195,21,100.0,36.3,71.4,7.4,0
3196,23,63.8,39.9,76.3,2.4,0
3197,24,67.5,54.4,67.1,2.3,0
3198,18,45.2,66.6,74.5,8.9,1
3199,23,79.2,52.0,89.2,3.0,1
3200,23,51.1,50.6,97.0,4.6,0
3201,24,72.9,81.1,73.8,6.4,0
3202,18,77.2,68.5,57.8,1.3,1
3203,23,66.4,42.3,77.5,3.7,0
3204,21,91.4,50.8,55.1,5.5,0
3205,21,55.8,69.3,62.5,4.1,0
3206,21,90.1,37.3,63.9,2.5,0
3207,18,45.9,69.2,94.5,9.0,1
3208,23,77.0,53.8,87.1,9.9,1
3209,18,62.9,66.5,84.7,3.8,1
3210,21,54.4,62.2,79.8,9.5,0
3211,24,40.1,39.9,59.1,5.2,0
3212,23,61.1,48.5,72.8,6.6,0
3213,23,60.1,86.1,92.1,10.4,1
3214,22,67.6,100.0,75.4,9.2,1
3215,22,75.9,28.5,82.4,9.9,1
3216,19,52.9,78.8,50.7,2.5,0
3217,20,91.4,65.3,78.7,1.8,1
3218,22,56.9,97.5,57.3,10.8,1
3219,18,74.0,49.9,67.3,5.3,0
3220,22,66.4,76.2,87.1,4.2,0
3221,19,62.0,54.6,74.2,9.0,1
3222,23,65.6,83.1,79.8,10.2,1
3223,19,50.9,100.0,67.8,10.5,1
3224,23,59.2,63.8,46.9,4.5,0
3225,24,44.9,39.5,58.8,10.4,1
3226,24,56.8,85.4,78.2,1.5,0
3227,23,58.0,70.2,74.0,1.5,1
3228,20,77.7,66.8,89.9,7.9,0
3229,22,60.0,88.5,71.5,1.7,0
3230,18,58.3,39.5,59.3,4.6,0
3231,18,68.3,47.1,69.7,8.4,0
3232,21,67.7,70.7,82.0,4.7,1
3233,23,56.1,46.7,48.9,3.0,0
3234,18,70.9,54.3,74.1,4.1,0
3235,20,62.3,82.9,54.9,6.0,1
3236,23,56.1,67.8,72.0,6.2,1
3237,20,57.6,38.8,78.7,9.6,1
3238,18,79.2,67.3,76.6,9.3,1
3239,18,58.0,82.3,86.1,6.0,0
3240,21,68.9,63.1,73.0,10.3,1
3241,18,45.8,75.7,76.2,2.3,0
3242,23,81.7,50.7,76.6,3.8,0
3243,24,56.3,64.7,58.4,10.1,1
3244,23,71.0,31.6,68.5,5.2,0
3245,23,61.2,71.3,40.5,11.8,1
3246,21,70.8,66.5,74.5,6.1,0
3247,21,71.7,36.8,37.0,9.7,0
3248,18,62.8,87.4,80.2,5.4,1
3249,19,37.0,70.3,89.8,5.7,1
3250,19,81.4,47.5,76.0,5.2,0
3251,21,62.9,71.8,77.8,8.9,0
3252,18,70.5,42.3,84.5,7.0,0
3253,19,75.4,44.8,64.8,11.4,1
3254,18,58.1,42.4,54.7,3.8,0
3255,18,72.8,41.9,69.0,2.1,0
3256,18,53.8,67.9,60.8,5.3,0
3257,22,70.8,61.7,70.9,7.8,0
3258,23,65.3,73.5,73.1,10.5,1
3259,18,58.7,9.2,64.3,4.8,0
3260,22,65.7,53.0,61.4,8.2,1
3261,21,49.2,53.2,44.2,4.9,0
3262,19,69.6,60.9,68.0,7.8,1
3263,23,71.2,60.5,64.8,10.7,1
3264,24,70.2,64.1,65.6,3.5,0
3265,19,87.5,61.6,78.8,5.4,0
3266,23,63.6,51.7,93.6,11.9,1
3267,24,64.6,52.8,65.7,10.6,0
3268,19,47.4,59.0,74.6,7.2,0
3269,23,88.6,69.1,73.0,6.7,0
3270,19,42.5,61.5,83.6,4.1,0
3271,19,68.4,45.9,59.1,6.7,0
3272,24,55.8,44.9,58.7,10.3,1
3273,19,65.9,69.2,60.1,8.5,0
3274,19,45.4,73.6,42.8,4.2,1
3275,24,78.4,79.3,69.4,3.2,0
3276,21,50.7,51.2,57.4,3.9,0
3277,18,82.5,26.2,73.0,2.9,0
3278,20,51.1,66.9,41.3,2.1,0
3279,22,79.6,47.1,69.3,5.6,1
3280,20,52.5,58.1,66.9,2.2,1
3281,20,55.8,62.7,63.5,2.9,0
3282,23,65.0,70.0,82.0,7.0,0
3283,18,52.3,76.1,60.3,2.8,0
3284,23,51.8,81.1,73.6,1.7,0
3285,18,52.5,83.7,62.4,4.5,1
3286,24,69.8,61.9,89.9,3.4,1
3287,24,65.0,29.6,68.4,6.7,0
3288,18,65.8,49.0,78.1,2.1,0
3289,19,60.1,85.3,77.3,9.3,1
3290,21,73.2,62.7,83.7,11.0,1
3291,19,80.8,99.2,71.8,9.2,1
3292,21,73.6,53.2,54.2,6.9,0
3293,23,61.9,100.0,75.3,10.5,1
3294,21,46.7,60.0,73.3,8.6,0
3295,23,35.3,52.4,33.6,1.1,0
3296,24,64.0,47.2,49.9,5.3,0
3297,20,35.1,71.9,78.5,10.4,1
3298,24,62.0,34.6,87.0,4.8,0
3299,24,86.0,50.1,69.0,1.4,1
3300,20,47.7,59.1,79.7,9.2,0
3301,21,45.7,19.4,71.3,9.8,1
3302,21,74.6,58.2,70.4,2.8,0
3303,23,22.9,91.0,68.3,6.9,1
3304,19,70.7,67.8,71.0,3.1,1
3305,23,87.0,48.2,74.7,8.9,1
3306,19,51.9,51.4,65.2,4.0,1
3307,24,49.3,66.1,85.0,4.5,1
3308,20,73.9,50.8,58.0,10.3,1
3309,24,47.4,68.4,90.4,6.2,1
3310,18,77.2,50.3,67.4,8.4,1
3311,21,48.7,41.6,69.4,5.4,0
3312,19,91.5,81.3,62.5,4.3,1
3313,23,74.9,72.8,74.9,7.9,1
3314,20,65.6,26.0,65.5,2.7,1
3315,19,90.7,53.9,64.3,5.1,1
3316,23,80.5,78.8,77.4,3.3,0
3317,21,70.5,57.0,83.9,8.7,0
3318,24,37.1,49.6,57.5,11.4,0
3319,21,54.5,55.5,79.9,12.0,1
3320,22,81.3,62.0,85.0,6.0,0
3321,18,45.5,56.8,48.8,3.8,0
3322,22,53.5,58.5,59.8,5.9,1
3323,20,49.7,57.3,84.7,10.3,1
3324,19,71.0,42.5,74.5,3.3,1
3325,20,79.5,41.5,90.5,11.5,1
3326,24,79.5,40.4,67.9,4.8,0
3327,23,52.2,61.6,63.7,11.8,1
3328,21,70.8,70.5,86.3,10.2,1
3329,22,51.5,43.1,60.0,9.9,0
3330,22,61.8,33.0,67.1,4.5,0
3331,24,72.8,44.3,76.7,1.1,0
3332,22,80.9,85.2,77.9,5.2,1
3333,24,32.8,54.4,60.4,4.3,0
3334,20,66.5,56.1,73.1,1.4,0
3335,21,86.1,45.6,66.5,6.6,1
3336,19,68.5,70.3,49.8,5.4,0
3337,23,66.2,57.8,64.5,8.0,1
3338,19,56.6,46.9,50.4,7.8,0
3339,20,85.7,41.4,62.1,2.3,1
3340,23,57.2,66.8,55.6,11.7,1
3341,22,63.5,64.8,79.3,3.1,0
3342,18,57.9,37.7,73.6,5.9,0
3343,20,66.6,82.1,88.5,6.4,1
3344,20,86.4,48.4,58.9,9.9,1
3345,21,51.4,20.0,71.5,2.1,1
3346,19,66.7,87.5,56.8,5.7,0
3347,20,70.9,58.2,62.4,7.9,0
3348,20,52.8,67.8,65.2,3.4,0
3349,22,64.1,90.1,93.7,7.9,1
3350,22,92.8,42.0,74.4,11.2,1
3351,23,38.5,68.6,68.5,12.0,0
3352,24,58.7,81.2,82.9,1.4,1
3353,24,68.8,43.2,78.1,3.6,0
3354,18,59.4,86.3,69.3,4.4,0
3355,24,100.0,34.6,78.1,5.4,1
3356,21,73.2,58.3,66.3,3.7,0
3357,18,49.3,40.6,100.0,3.2,1
3358,23,29.9,72.5,84.6,11.5,1
3359,22,70.1,42.6,65.1,11.1,1
3360,24,53.7,48.9,79.1,1.5,0
3361,19,84.3,44.2,76.6,4.7,0
3362,22,60.9,38.4,73.4,5.5,0
3363,21,56.5,46.2,76.2,3.6,0
3364,22,56.2,59.2,60.3,7.9,1
3365,21,79.8,58.2,64.8,8.0,1
3366,21,71.2,56.1,89.9,10.4,1
3367,21,91.3,48.0,72.4,9.1,0
3368,23,61.8,53.6,61.6,7.0,0
3369,21,77.9,31.5,68.3,8.2,1
3370,21,78.2,47.4,63.6,4.0,1
3371,19,75.1,56.0,80.8,7.5,1
3372,18,57.4,65.3,63.3,6.4,0
3373,20,72.1,63.1,70.5,2.5,0
3374,18,63.5,37.9,62.0,3.7,0
3375,21,63.1,67.7,96.5,4.2,1
3376,19,52.9,62.2,77.6,11.2,1
3377,22,33.2,85.9,77.1,3.5,1
3378,19,83.7,33.1,78.4,4.2,0
3379,21,71.5,57.5,65.3,5.1,0
3380,19,44.9,78.6,88.3,8.3,1
3381,24,75.8,54.7,69.2,2.3,0
3382,19,84.0,43.6,91.3,11.5,1
3383,21,76.7,45.3,66.1,10.5,0
3384,23,51.6,74.1,78.6,7.3,1
3385,24,54.0,32.1,72.0,8.4,1
3386,19,56.8,54.0,73.2,1.2,0
3387,20,77.9,44.2,50.0,4.7,0
3388,20,72.2,45.6,58.2,9.8,1
3389,19,100.0,67.9,88.1,1.9,0
3390,23,40.4,52.9,54.5,4.1,0
3391,22,64.2,64.2,80.7,7.4,1
3392,21,36.1,37.6,100.0,3.8,0
3393,20,73.9,74.9,76.6,11.3,1
3394,22,81.0,63.8,95.5,2.4,1
3395,19,86.6,82.3,78.3,9.8,1
3396,22,67.8,52.7,73.2,6.6,1
3397,24,36.3,68.1,74.5,9.3,1
3398,18,64.2,74.1,67.9,4.4,0
3399,20,71.6,67.7,67.5,6.7,1
3400,19,49.9,90.6,63.7,10.4,0
3401,21,61.0,30.1,75.1,6.1,1
3402,23,45.8,63.1,96.4,5.0,1
3403,24,55.8,52.7,87.1,6.9,0
3404,19,78.7,51.4,72.5,8.9,1
3405,21,75.2,86.9,77.4,5.9,0
3406,23,44.1,48.8,69.0,11.3,1
3407,23,54.4,75.4,87.1,4.2,0
3408,19,65.9,41.0,50.4,6.2,0
3409,24,68.4,78.4,93.2,9.3,1
3410,22,55.1,59.6,63.5,8.6,1
3411,22,72.1,54.9,65.4,10.5,1
3412,23,64.5,32.3,55.3,12.0,1
3413,22,26.4,54.9,71.9,5.7,0
3414,18,56.4,47.6,61.8,2.2,0
3415,23,56.0,91.5,84.0,1.3,0
3416,23,75.2,60.9,78.1,9.0,1
3417,21,75.4,49.3,61.7,10.6,1
3418,22,39.9,48.5,59.5,3.4,0
3419,24,71.6,35.5,62.3,2.7,0
3420,23,63.9,87.4,58.7,1.7,1
3421,24,66.9,82.6,66.6,10.0,1
3422,18,55.8,58.8,59.9,4.4,1
3423,21,64.1,99.2,84.0,5.4,0
3424,19,82.3,59.8,64.0,6.5,1
3425,24,66.7,79.7,76.9,10.2,1
3426,23,64.4,70.2,77.0,8.2,1
3427,18,57.8,49.7,47.8,7.8,1
3428,20,80.8,63.3,78.6,2.9,0
3429,18,45.8,66.7,49.5,6.6,1
3430,18,53.0,36.5,60.0,8.9,1
3431,21,44.9,65.2,78.0,11.7,0
3432,19,68.0,80.5,71.5,3.2,0
3433,20,82.7,47.6,65.9,1.1,0
3434,22,60.1,56.2,48.6,1.8,0
3435,22,49.0,40.0,81.6,5.1,1
3436,24,89.5,51.3,75.2,10.0,1
3437,18,71.8,52.7,59.7,1.1,1
3438,21,69.2,88.4,58.5,6.0,0
3439,21,62.1,54.3,82.3,4.6,0
3440,22,75.0,50.5,73.6,1.6,0
3441,24,68.9,58.3,53.7,6.0,0
3442,24,57.8,29.3,61.2,3.8,1
3443,24,60.3,17.5,93.5,4.9,1
3444,20,49.7,35.1,82.0,8.8,1
3445,19,47.8,65.8,70.0,6.7,0
3446,20,60.6,60.0,70.3,2.4,0
3447,23,82.3,75.6,43.9,11.6,1
3448,23,49.5,32.6,85.7,8.0,0
3449,19,77.5,56.3,64.6,9.4,1
3450,22,53.0,31.3,60.3,1.9,1
3451,19,38.2,64.8,79.0,1.5,0
3452,21,73.2,35.2,62.4,1.2,0
3453,23,89.4,55.6,48.1,3.1,0
3454,18,52.2,63.7,74.9,5.6,0
3455,18,41.5,53.0,51.8,11.3,1
3456,22,71.8,19.3,69.3,6.0,1
3457,21,51.2,89.9,73.8,4.2,0
3458,20,73.0,51.0,66.7,7.2,0
3459,21,82.3,31.0,66.7,2.2,0
3460,18,70.0,73.7,88.6,7.7,0
3461,18,77.1,74.4,88.8,7.3,1
3462,23,77.2,54.6,59.0,9.7,1
3463,21,79.8,87.7,62.9,11.9,1
3464,21,65.7,46.7,63.5,3.8,0
3465,18,76.7,63.2,69.6,6.6,1
3466,20,67.5,69.2,69.0,11.0,0
3467,22,70.9,87.3,90.6,9.6,1
3468,24,100.0,25.0,67.8,6.4,1
3469,22,68.6,100.0,57.6,11.4,1
3470,21,42.5,81.1,62.9,1.6,0
3471,22,62.0,68.1,74.5,11.2,1
3472,18,60.3,45.6,66.9,1.6,1
3473,18,61.0,44.1,73.8,7.0,0
3474,21,79.3,65.2,67.1,10.8,1
3475,21,82.0,68.9,78.7,3.9,0
3476,24,63.4,66.6,68.9,6.2,1
3477,24,44.1,62.9,55.4,4.6,0
3478,23,66.5,67.8,65.8,11.5,1
3479,21,56.8,20.7,96.5,10.1,0
3480,20,68.2,55.2,84.8,8.8,1
3481,22,63.2,35.1,56.1,7.5,0
3482,21,83.2,59.3,91.3,10.0,1
3483,19,69.1,83.5,71.6,5.3,1
3484,23,56.9,43.6,64.1,5.9,0
3485,19,44.2,47.2,66.6,9.0,0
3486,18,64.3,44.7,70.7,4.9,0
3487,24,64.3,47.1,83.0,1.7,1
3488,22,61.1,70.0,72.3,1.8,0
3489,21,76.6,74.2,74.0,2.3,1
3490,19,44.3,86.4,84.5,10.6,1
3491,22,53.6,41.9,65.2,6.2,0
3492,18,65.8,72.3,73.6,8.8,1
3493,24,56.6,75.3,75.3,5.3,0
3494,20,59.6,89.8,71.6,3.8,1
3495,23,64.1,43.3,76.0,4.8,0
3496,22,75.3,23.9,61.7,9.7,1
3497,22,63.5,55.0,81.8,7.9,1
3498,20,35.5,100.0,63.4,11.3,1
3499,22,56.0,40.3,75.5,8.5,1
3500,18,72.4,68.8,72.5,7.3,1
3501,18,76.4,20.1,61.8,7.7,0
3502,20,77.3,92.7,89.5,11.4,1
3503,23,81.5,26.2,90.6,9.7,0
3504,21,66.8,17.0,58.9,1.3,0
3505,19,68.9,61.8,79.6,6.9,0
3506,21,49.8,62.1,68.5,8.6,0
3507,22,32.4,85.5,61.9,9.2,1
3508,19,43.7,75.3,74.4,3.3,0
3509,20,54.5,24.0,80.0,10.5,0
3510,20,44.6,57.3,71.9,11.5,1
3511,23,60.6,47.5,65.6,3.6,0
3512,19,58.1,36.0,86.0,10.7,1
3513,18,79.1,67.8,86.4,2.1,0
3514,19,50.5,78.8,61.8,1.6,0
3515,22,67.1,45.5,71.1,2.4,0
3516,18,58.7,54.0,51.1,1.6,0
3517,24,49.9,55.2,80.0,10.3,1
3518,24,54.1,48.1,85.9,1.6,1
3519,24,34.2,52.3,74.7,4.0,1
3520,20,76.2,48.1,57.6,2.1,1
3521,19,86.0,62.2,89.4,4.2,0
3522,24,61.0,49.4,94.4,2.0,0
3523,21,65.4,67.7,64.8,8.3,0
3524,23,60.6,49.4,75.3,2.5,0
3525,21,52.7,71.6,79.8,10.4,1
3526,24,75.6,49.0,79.4,10.0,1
3527,23,69.8,70.9,70.6,1.2,1
3528,22,21.3,44.7,91.6,10.9,1
3529,21,49.5,75.9,51.2,1.3,0
3530,19,34.2,28.0,51.4,3.6,0
3531,19,88.3,59.9,69.8,1.4,1
3532,21,62.4,49.8,90.9,4.7,0
3533,24,68.6,59.2,83.9,6.7,0
3534,19,59.7,38.7,52.1,9.8,1
3535,22,81.5,56.5,100.0,4.7,0
3536,18,77.9,40.0,76.7,8.8,1
3537,24,61.8,55.7,56.2,3.1,1
3538,22,90.8,54.0,68.9,9.3,1
3539,23,67.8,65.9,81.6,3.6,1
3540,22,43.1,61.2,85.0,2.6,0
3541,24,66.5,93.8,69.2,3.0,0
3542,23,72.8,50.8,76.3,3.0,0
3543,24,63.0,57.6,68.5,6.6,1
3544,19,58.8,100.0,69.2,10.3,1
3545,18,91.5,56.0,78.7,1.9,1
3546,24,47.2,77.2,87.3,8.8,1
3547,24,23.5,70.4,56.4,8.2,1
3548,19,89.3,100.0,67.2,10.6,1
3549,20,46.6,34.2,62.8,3.7,0
3550,19,60.7,32.2,57.9,6.0,0
3551,23,59.3,39.9,57.3,11.2,0
3552,19,83.5,63.1,70.3,8.3,1
3553,19,86.5,41.9,57.1,5.3,0
3554,18,45.6,21.6,56.7,2.4,0
3555,19,85.4,43.4,67.8,3.9,1
3556,24,85.1,66.6,58.2,7.4,0
3557,18,65.3,43.7,76.1,8.9,0
3558,21,79.0,80.6,64.3,2.4,0
3559,20,80.5,39.7,55.7,7.6,0
3560,18,61.2,60.3,97.9,7.1,0
3561,23,62.6,53.0,44.4,6.7,1
3562,21,73.8,63.4,80.3,8.6,1
3563,18,40.6,65.2,74.2,10.2,1
3564,18,59.7,88.5,64.2,4.6,1
3565,20,47.0,72.4,59.1,10.8,1
3566,24,86.4,52.4,90.7,2.8,0
3567,23,59.5,71.0,95.5,2.9,1
3568,22,69.1,73.5,66.5,3.9,1
3569,22,61.7,96.8,64.7,2.3,1
3570,18,60.7,57.2,83.5,3.5,1
3571,19,68.2,58.5,67.0,2.2,0
3572,23,54.0,83.6,77.0,10.0,1
3573,21,62.0,24.0,76.7,2.5,0
3574,19,61.9,56.3,70.4,9.2,1
3575,19,58.7,72.5,72.0,1.5,1
3576,23,70.9,78.8,74.4,11.4,1
3577,24,58.3,20.2,56.9,8.8,1
3578,18,89.2,35.9,61.8,1.1,0
3579,18,74.4,15.1,72.7,9.4,1
3580,18,44.8,75.7,64.5,6.7,0
3581,18,73.3,63.7,100.0,9.6,1
3582,22,54.7,85.5,71.6,6.7,1
3583,18,67.0,60.5,49.1,8.1,1
3584,22,54.0,100.0,36.2,9.6,0
3585,22,32.1,43.0,79.9,5.5,1
3586,24,64.7,53.4,71.7,1.0,0
3587,18,43.5,67.4,87.3,10.3,1
3588,20,71.3,47.2,62.3,5.2,0
3589,21,67.6,67.5,68.6,6.5,1
3590,19,55.9,58.0,73.4,1.1,0
3591,22,92.4,57.0,68.1,6.4,1
3592,23,46.4,57.7,67.1,11.9,0
3593,23,55.6,72.7,78.7,4.1,1
3594,21,48.2,53.8,60.0,5.3,0
3595,23,95.6,39.8,76.4,8.6,1
3596,20,85.3,61.2,91.9,10.0,1
3597,23,43.7,48.6,89.9,5.6,1
3598,19,52.6,42.0,48.3,4.4,0
3599,19,53.1,28.8,64.1,11.3,1
3600,22,56.7,76.8,73.5,8.4,0
3601,18,49.4,71.9,85.3,2.3,0
3602,24,55.9,85.3,72.5,1.8,0
3603,20,80.1,60.0,85.4,6.3,1
3604,22,94.2,79.4,62.0,3.4,0
3605,20,41.8,43.0,74.0,3.8,0
3606,18,49.4,25.7,74.3,10.7,1
3607,23,68.2,46.5,85.8,2.0,0
3608,23,41.3,56.3,80.9,8.9,1
3609,24,68.6,66.5,78.3,4.0,1
3610,18,73.1,83.1,80.2,9.4,1
3611,22,75.5,65.8,55.5,8.9,1
3612,24,72.7,100.0,67.9,1.1,1
3613,18,57.0,62.2,57.9,6.6,0
3614,21,62.3,61.8,62.2,2.5,0
3615,19,47.3,66.1,67.9,10.5,1
3616,24,72.0,66.8,42.9,10.6,1
3617,24,89.1,66.6,68.3,5.6,1
3618,22,71.9,37.8,60.6,5.9,0
3619,20,54.6,75.3,57.3,4.3,0
3620,21,79.9,100.0,71.2,8.9,1
3621,22,100.0,44.1,65.3,4.9,1
3622,18,68.6,59.3,74.1,3.9,0
3623,18,73.3,35.3,62.2,5.8,0
3624,18,75.2,73.5,67.9,2.0,0
3625,18,40.9,73.5,99.5,9.2,1
3626,20,58.8,32.9,77.5,1.1,0
3627,21,57.3,36.4,59.8,8.1,0
3628,23,77.5,22.5,84.9,3.0,0
3629,19,75.8,88.3,88.6,3.6,0
3630,20,63.2,44.9,77.2,8.0,1
3631,20,56.4,57.6,60.6,11.9,1
3632,23,39.7,53.4,82.4,9.6,0
3633,23,64.8,77.8,63.1,3.5,0
3634,19,50.7,71.9,86.2,2.9,0
3635,19,48.8,70.9,67.1,10.5,1
3636,23,78.9,45.4,66.6,5.9,1
3637,18,77.3,72.3,76.3,2.5,1
3638,20,57.7,76.7,86.9,10.5,1
3639,22,41.5,71.7,98.4,10.0,1
3640,19,52.6,36.8,70.3,11.8,1
3641,19,79.9,39.7,65.1,11.0,1
3642,23,72.0,91.3,60.2,10.4,1
3643,21,57.9,95.0,52.2,1.6,0
3644,22,65.9,58.7,57.9,2.1,0
3645,22,33.9,58.7,72.8,7.3,0
3646,19,32.7,62.8,82.7,6.8,1
3647,18,94.7,70.4,59.2,6.0,0
3648,21,72.6,34.0,79.4,5.4,0
3649,22,65.0,64.1,59.7,5.7,0
3650,19,59.0,41.4,61.1,7.3,1
3651,22,38.6,59.6,57.2,1.0,0
3652,24,79.9,44.1,86.0,3.9,1
3653,21,47.9,48.3,89.3,6.7,1
3654,21,75.6,63.3,61.3,8.9,1
3655,24,67.0,48.9,60.3,2.9,0
3656,20,64.2,40.2,77.5,7.0,0
3657,24,45.5,86.2,90.7,8.9,1
3658,23,45.7,40.5,89.4,5.9,0
3659,23,70.8,18.4,65.4,1.3,0
3660,19,66.2,70.2,67.8,5.9,1
3661,21,65.7,54.8,55.2,4.3,1
3662,20,69.3,59.5,65.2,11.2,0
3663,20,35.9,62.8,71.2,2.4,0
3664,22,80.2,82.9,53.8,8.2,1
3665,22,59.7,93.5,63.5,1.6,0
3666,24,82.5,64.6,72.7,5.9,0
3667,20,34.9,38.8,51.8,7.1,0
3668,24,73.5,62.6,75.6,4.3,0
3669,24,73.4,70.6,82.2,6.0,1
3670,22,42.7,78.1,76.8,2.8,0
3671,21,55.4,62.5,64.0,4.3,0
3672,24,49.1,49.9,84.1,7.8,1
3673,18,77.9,43.7,86.6,4.3,0
3674,21,69.6,57.9,73.8,10.9,1
3675,20,89.0,33.0,71.8,7.9,1
3676,20,68.0,67.1,62.6,5.8,1
3677,24,76.0,63.2,65.1,1.4,1
3678,21,82.6,63.1,82.9,6.5,0
3679,22,73.3,72.9,92.2,9.4,1
3680,22,59.2,86.1,65.0,3.9,0
3681,23,56.4,58.7,67.9,9.9,1
3682,20,63.8,61.4,62.2,3.8,0
3683,19,76.9,53.3,64.8,10.1,1
3684,23,53.5,69.9,54.9,1.9,0
3685,22,74.8,59.9,75.1,10.5,1
3686,21,69.8,80.8,54.8,6.5,1
3687,22,46.2,80.4,63.4,4.3,0
3688,21,74.1,65.7,69.3,3.9,0
3689,23,67.1,58.6,54.2,5.8,0
3690,20,56.7,55.1,60.7,12.0,1
3691,22,66.9,68.6,56.5,3.4,0
3692,24,57.3,68.7,83.2,2.1,1
3693,21,68.7,55.1,87.1,7.4,1
3694,20,62.5,65.2,60.5,6.4,1
3695,19,42.1,46.1,100.0,6.8,0
3696,21,62.9,68.1,58.8,8.3,1
3697,23,58.4,47.6,64.9,3.9,1
3698,19,74.5,73.9,75.9,11.0,1
3699,19,78.2,54.3,77.0,5.8,1
3700,18,57.4,90.1,66.2,2.4,0
3701,22,53.2,60.7,83.1,9.2,0
3702,21,39.8,64.3,84.4,8.1,1
3703,19,52.8,34.8,69.9,4.5,0
3704,18,60.2,85.3,68.2,7.8,1
3705,23,44.9,59.3,62.7,3.4,0
3706,20,78.4,91.3,57.5,5.9,0
3707,24,68.9,60.9,60.4,10.9,1
3708,24,63.2,56.1,76.5,2.5,0
3709,21,64.7,50.8,70.0,5.3,0
3710,19,69.6,71.6,67.1,10.0,1
3711,24,74.5,69.4,63.1,11.7,1
3712,22,77.1,36.0,63.4,6.0,0
3713,24,60.4,49.8,69.5,6.6,1
3714,24,62.9,73.0,68.5,7.3,0
3715,24,67.6,48.4,70.0,11.3,1
3716,18,62.3,45.3,64.7,10.4,0
3717,19,78.1,63.5,62.0,2.9,1
3718,22,83.4,61.6,70.1,5.8,0
3719,19,70.2,51.6,77.8,6.1,0
3720,21,51.4,91.8,63.9,9.7,1
3721,21,72.6,57.3,41.4,7.6,0
3722,21,70.8,37.2,53.6,8.2,1
3723,23,50.1,30.9,82.9,12.0,0
3724,24,70.7,78.4,81.9,1.8,0
3725,23,56.8,40.2,77.8,3.5,1
3726,18,76.2,60.5,76.2,5.5,0
3727,21,72.5,44.3,82.2,4.8,1
3728,22,68.3,58.2,65.9,1.2,0
3729,19,65.6,66.3,71.7,2.0,1
3730,24,33.0,35.4,60.7,8.5,0
3731,20,46.8,51.8,67.9,10.7,1
3732,22,63.0,47.9,92.8,6.7,1
3733,24,87.8,42.6,60.1,6.9,1
3734,23,73.5,53.2,56.0,3.8,0
3735,23,92.2,48.8,67.7,9.4,1
3736,22,66.2,75.7,65.2,9.3,1
3737,23,64.5,47.1,73.2,7.5,1
3738,21,86.4,68.1,79.5,3.3,0
3739,18,62.6,67.5,65.5,2.1,0
3740,19,50.2,33.0,95.3,1.7,0
3741,18,69.8,50.9,84.8,7.5,1
3742,24,81.8,58.0,60.8,10.1,1
3743,19,52.6,64.8,69.1,10.4,0
3744,19,73.8,55.7,76.3,6.1,1
3745,18,63.6,78.8,60.1,9.6,1
3746,22,71.8,61.9,45.2,11.4,1
3747,19,69.7,68.0,93.2,4.0,0
3748,18,58.8,49.3,56.7,5.4,0
3749,19,63.4,68.3,80.2,11.2,0
3750,20,59.7,94.9,78.4,4.7,1
3751,22,66.8,69.5,60.2,11.1,1
3752,21,52.3,79.9,93.5,11.8,0
3753,19,55.9,54.8,70.8,8.3,1
3754,20,58.8,76.6,71.7,10.0,0
3755,21,70.9,78.2,51.5,9.2,0
3756,21,43.8,64.4,44.7,8.7,0
3757,24,63.4,58.7,67.1,4.4,1
3758,19,54.4,33.1,85.6,1.6,0
3759,18,58.8,59.4,47.7,4.8,0
3760,19,55.1,70.2,71.7,8.3,1
3761,20,67.9,46.2,71.0,2.1,1
3762,21,62.6,37.1,84.9,1.1,0
3763,19,75.7,61.8,82.2,2.5,0
3764,18,71.0,64.2,71.7,8.9,0
3765,24,41.9,35.7,68.9,11.7,1
3766,19,50.6,60.7,61.4,11.8,1
3767,22,62.4,65.2,56.3,6.4,1
3768,24,64.4,83.8,62.5,10.6,1
3769,18,51.9,51.4,56.7,9.1,0
3770,20,84.6,97.6,68.7,6.5,1
3771,21,78.0,61.0,69.6,7.3,1
3772,19,40.3,38.4,66.7,2.5,0
3773,18,70.2,54.1,71.3,11.3,1
3774,24,64.3,40.0,64.5,4.9,0
3775,22,83.7,57.0,80.1,5.9,0
3776,18,41.5,68.4,72.7,8.4,1
3777,23,95.9,64.8,64.2,4.7,1
3778,22,52.4,39.7,56.0,3.8,0
3779,24,70.7,37.4,69.0,7.9,1
3780,20,55.9,67.5,83.7,1.3,0
3781,21,59.4,71.6,77.1,8.9,1
3782,24,39.7,51.2,79.1,6.7,1
3783,20,83.0,14.3,78.7,7.7,0
3784,19,61.0,39.1,84.6,8.0,1
3785,18,62.0,77.8,80.3,6.8,0
3786,23,99.7,46.7,71.8,7.4,1
3787,22,79.4,53.7,65.1,8.5,0
3788,22,55.0,70.0,80.5,9.3,1
3789,18,55.8,54.5,41.0,9.0,0
3790,23,68.9,85.2,85.2,10.6,1
3791,18,76.6,53.3,78.3,3.1,0
3792,19,91.3,44.5,89.7,5.4,0
3793,20,40.9,81.3,56.6,11.4,1
3794,24,75.9,60.9,83.9,5.4,0
3795,22,78.3,40.6,78.0,2.4,0
3796,19,53.2,68.5,62.7,6.8,1
3797,20,59.6,54.7,68.4,2.2,0
3798,19,40.5,39.4,67.5,3.2,0
3799,23,57.5,61.7,65.6,12.0,1
3800,22,68.5,57.2,53.8,7.0,0
3801,24,88.9,29.6,84.1,4.1,1
3802,18,90.3,40.9,58.6,11.9,1
3803,18,49.6,93.6,57.4,11.6,1
3804,20,86.9,61.5,84.4,5.8,0
3805,24,35.8,84.2,53.2,3.9,0
3806,21,56.2,65.6,66.4,10.2,0
3807,23,60.5,82.3,58.1,8.9,1
3808,20,68.8,70.0,89.6,8.6,1
3809,21,66.6,43.0,83.7,10.8,1
3810,19,70.5,70.9,60.1,8.6,0
3811,23,62.3,42.9,58.0,4.1,1
3812,19,79.4,76.7,79.2,8.6,1
3813,24,75.4,63.9,75.2,4.4,1
3814,22,60.7,60.3,65.8,9.4,0
3815,23,77.6,52.1,64.6,7.8,0
3816,21,96.0,74.4,67.2,1.9,0
3817,22,54.9,57.2,80.8,6.6,0
3818,18,90.1,25.6,88.8,4.8,0
3819,21,56.2,29.1,91.9,4.6,1
3820,20,86.2,37.2,61.2,7.6,1
3821,18,56.8,74.1,70.7,4.5,0
3822,18,76.5,75.5,86.1,9.5,1
3823,20,67.7,65.8,59.6,1.8,0
3824,23,38.2,65.7,61.8,8.3,0
3825,18,93.7,86.0,79.6,9.9,1
3826,24,51.6,66.2,64.4,8.4,0
3827,21,46.0,71.5,52.3,6.5,1
3828,22,55.4,59.8,60.1,11.5,1
3829,18,100.0,51.7,81.9,4.3,1
3830,21,46.2,55.0,73.0,1.2,0
3831,19,67.7,96.9,51.3,5.8,1
3832,21,48.2,40.4,62.7,1.4,0
3833,22,50.7,65.7,91.9,11.5,0
3834,21,41.0,32.7,69.2,3.3,0
3835,20,69.7,49.0,67.1,9.7,0
3836,22,62.6,73.9,70.1,9.5,1
3837,23,48.0,27.4,72.5,3.4,0
3838,19,78.1,76.3,65.3,7.8,1
3839,20,79.7,96.9,86.1,1.5,1
3840,23,71.1,66.6,64.3,6.3,1
3841,21,82.6,82.7,81.9,1.2,0
3842,22,59.8,64.5,91.9,11.1,1
3843,19,69.8,72.8,74.5,11.7,0
3844,20,59.8,68.2,57.4,3.4,0
3845,23,42.4,50.8,72.3,3.3,0
3846,23,68.3,49.2,63.2,9.3,1
3847,19,67.4,81.3,80.8,3.8,1
3848,24,64.5,59.2,72.5,10.8,1
3849,21,70.6,57.4,68.6,7.3,0
3850,19,86.2,57.1,57.9,4.9,1
3851,23,61.9,65.5,47.7,10.2,1
3852,18,50.6,38.7,60.3,6.4,0
3853,20,61.3,56.7,77.8,11.0,1
3854,19,62.9,65.6,84.2,11.2,1
3855,24,79.8,37.0,66.3,2.8,1
3856,23,66.6,63.8,58.7,1.0,0
3857,21,47.8,43.8,72.3,11.8,1
3858,23,77.1,65.6,78.3,11.0,1
3859,21,74.7,98.9,79.3,1.6,0
3860,19,66.6,57.8,72.3,10.2,1
3861,21,79.2,40.6,94.8,6.0,1
3862,22,81.7,64.3,85.2,3.8,0
3863,22,59.3,68.5,55.3,10.7,1
3864,22,51.5,43.1,52.4,3.2,0
3865,24,64.8,29.1,56.4,11.4,0
3866,24,73.0,43.2,84.0,3.3,0
3867,18,63.4,59.1,49.5,7.8,0
3868,24,50.2,51.8,75.5,3.5,0
3869,19,67.4,79.4,68.0,7.0,0
3870,23,34.5,69.3,55.1,8.5,0
3871,23,60.1,61.8,73.0,3.1,0
3872,18,77.8,28.6,67.9,6.7,1
3873,24,78.6,71.3,79.7,6.2,1
3874,21,8.6,95.6,50.5,1.8,0
3875,18,62.1,75.5,59.3,10.0,1
3876,21,74.0,48.2,59.5,4.7,0
3877,21,47.4,57.5,77.9,7.3,0
3878,20,59.4,68.3,67.1,6.7,1
3879,23,83.1,85.0,84.2,6.6,0
3880,22,57.7,47.3,65.2,2.2,0
3881,24,89.0,51.6,72.6,5.7,1
3882,21,53.9,59.2,87.8,6.0,1
3883,20,86.1,57.6,48.7,9.1,1
3884,23,65.5,74.3,70.3,10.2,0
3885,22,51.8,64.7,69.6,7.0,0
3886,21,86.2,34.9,60.5,2.0,0
3887,21,46.9,48.2,68.0,3.6,1
3888,18,53.1,48.7,73.7,2.8,0
3889,18,72.3,20.1,61.0,2.4,0
3890,23,66.2,76.7,70.7,5.0,1
3891,22,69.1,62.4,57.8,3.5,1
3892,21,59.5,50.3,67.5,3.4,0
3893,23,47.0,76.2,81.1,1.6,0
3894,23,55.2,65.4,81.7,1.2,0
3895,19,84.8,36.8,84.1,2.1,0
3896,24,44.9,71.0,68.8,2.9,1
3897,18,89.7,84.7,66.1,5.7,1
3898,22,69.7,57.5,78.9,6.6,1
3899,21,56.0,58.8,84.0,2.5,0
3900,23,35.0,61.9,71.0,5.7,1
3901,21,36.9,38.1,88.1,4.8,1
3902,19,59.7,62.5,78.5,3.0,0
3903,22,57.8,44.0,63.1,1.1,0
3904,23,66.8,59.9,64.6,6.1,1
3905,21,90.8,63.0,69.5,8.5,0
3906,18,73.1,69.6,51.2,3.5,0
3907,24,63.1,70.2,63.4,2.4,0
3908,19,83.3,43.3,83.7,10.8,1
3909,22,67.3,63.4,86.1,4.0,1
3910,19,89.0,77.2,73.4,3.5,0
3911,18,54.9,39.2,75.5,10.4,0
3912,22,47.8,91.4,66.3,10.0,1
3913,19,35.0,42.5,62.3,5.9,0
3914,20,63.4,89.3,76.8,6.4,1
3915,18,46.5,42.8,64.7,3.4,1
3916,18,46.3,59.0,90.3,1.9,0
3917,18,80.5,56.5,74.9,7.3,1
3918,20,39.2,35.4,75.3,2.1,0
3919,20,66.6,72.6,57.3,5.9,0
3920,21,63.8,73.5,42.2,11.3,0
3921,23,66.4,71.2,75.3,11.5,1
3922,24,85.8,55.5,64.0,3.6,0
3923,19,52.6,47.4,81.8,7.9,0
3924,21,85.8,79.8,59.0,6.2,0
3925,19,38.6,63.8,63.6,10.6,1
3926,24,74.8,46.4,83.4,4.0,0
3927,23,87.1,63.9,75.2,1.0,0
3928,20,4.2,29.9,58.0,2.8,0
3929,23,64.5,61.9,70.4,4.8,0
3930,20,63.2,71.8,92.8,4.5,1
3931,24,66.1,56.8,71.7,9.7,0
3932,23,90.7,72.8,68.2,8.5,1
3933,21,53.5,74.6,80.7,4.3,1
3934,22,47.2,65.0,74.2,6.0,1
3935,21,66.2,91.8,87.3,2.1,1
3936,19,81.9,84.4,79.1,10.9,1
3937,21,73.4,71.3,80.9,11.3,1
3938,24,65.5,66.4,87.9,11.8,1
3939,18,61.6,55.4,66.4,10.6,0
3940,19,34.9,48.4,62.8,2.9,0
3941,23,73.8,74.4,53.9,1.5,0
3942,19,75.6,56.4,67.5,7.4,0
3943,22,54.6,41.7,54.3,11.0,1
3944,20,58.0,45.6,74.4,3.0,1
3945,23,49.3,47.9,62.6,1.1,0
3946,19,78.0,91.6,81.5,9.9,1
3947,23,59.5,75.3,79.3,1.8,0
3948,23,62.8,60.6,65.3,5.6,0
3949,23,74.4,67.5,81.7,8.5,1
3950,20,69.9,69.5,71.8,3.6,1
3951,24,73.4,44.4,48.7,1.9,0
3952,21,67.6,39.0,58.1,9.5,1
3953,23,68.0,78.9,61.3,7.9,0
3954,18,67.8,35.7,70.1,11.9,1
3955,24,71.8,59.7,64.9,4.8,1
3956,22,72.5,47.0,63.7,1.7,0
3957,20,46.6,64.0,77.0,9.1,1
3958,19,56.0,55.4,79.4,6.7,1
3959,20,61.9,69.6,62.6,3.3,0
3960,19,71.8,18.4,59.8,9.6,0
3961,20,89.0,80.2,85.2,3.2,1
3962,19,52.8,73.2,100.0,3.9,0
3963,23,78.2,78.2,58.7,2.0,0
3964,21,56.5,76.1,80.7,5.4,1
3965,19,85.6,65.6,68.3,5.6,0
3966,19,93.7,48.5,78.1,6.7,1
3967,18,38.8,67.9,58.6,8.8,1
3968,19,60.1,65.2,55.0,11.0,1
3969,18,29.7,75.8,56.5,2.5,0
3970,22,39.7,71.2,63.2,1.6,0
3971,23,40.6,61.7,67.2,1.2,0
3972,18,74.4,67.8,81.3,2.6,0
3973,21,71.6,69.4,60.0,8.2,0
3974,24,77.0,79.6,62.3,9.0,1
3975,23,74.1,91.2,95.0,9.7,1
3976,18,72.3,70.7,70.6,3.7,1
3977,23,66.7,69.5,73.4,4.4,0
3978,23,63.0,56.0,78.9,6.3,0
3979,23,80.3,53.8,63.7,1.7,1
3980,22,65.2,46.9,69.8,7.7,0
3981,21,72.9,2.4,66.1,11.8,1
3982,20,30.0,44.9,69.0,5.0,0
3983,20,47.4,56.9,80.1,9.3,0
3984,18,79.7,54.5,78.1,6.5,0
3985,23,55.0,68.2,42.6,2.4,1
3986,18,44.1,45.5,82.0,7.4,0
3987,22,74.6,46.3,65.9,4.3,1
3988,22,65.0,22.0,74.7,1.4,0
3989,19,58.9,68.5,65.1,8.0,1
3990,22,87.6,44.0,69.4,10.4,1
3991,19,85.1,47.1,85.8,4.8,1
3992,21,62.2,70.2,74.0,5.3,1
3993,18,75.8,44.1,85.2,10.8,1
3994,24,31.4,66.8,69.4,9.9,1
3995,21,81.4,38.3,68.1,8.9,0
3996,22,48.7,59.6,70.1,3.7,0
3997,21,43.2,49.0,54.8,11.0,1
3998,21,38.2,55.2,37.7,2.7,0
3999,21,37.1,87.2,60.6,7.9,0
4000,22,81.2,30.5,82.3,1.3,0
4001,24,74.5,85.6,87.0,8.1,1
4002,23,53.5,43.5,46.0,4.0,0
4003,21,77.8,75.6,85.4,5.9,1
4004,19,56.1,79.2,62.9,4.8,0
4005,22,69.9,67.7,52.9,2.9,0
4006,21,57.8,38.1,82.7,7.8,0
4007,24,63.2,64.9,63.9,10.7,1
4008,23,51.4,100.0,100.0,11.5,1
4009,22,53.6,60.2,61.9,3.1,0
4010,20,73.2,58.2,66.7,8.9,1
4011,23,75.6,56.5,58.3,8.3,1
4012,19,58.8,69.3,71.8,4.8,1
4013,21,42.1,58.4,79.6,1.2,1
4014,24,100.0,65.1,49.2,8.6,1
4015,20,65.6,54.7,77.9,11.4,0
4016,24,69.7,41.3,65.1,8.0,0
4017,20,46.1,100.0,59.7,5.8,1
4018,22,83.2,58.3,53.2,6.8,1
4019,20,85.5,100.0,81.7,3.2,1
4020,19,39.4,67.6,73.4,9.3,1
4021,19,63.5,70.8,63.0,9.2,1
4022,18,62.3,54.4,79.4,2.6,0
4023,19,100.0,49.3,76.4,10.7,0
4024,23,86.7,54.8,80.4,4.0,0
4025,20,43.2,45.0,89.7,11.8,1
4026,19,54.1,43.4,72.6,5.2,1
4027,22,51.6,92.1,93.2,3.0,1
4028,24,70.6,74.4,87.1,4.9,1
4029,24,88.6,87.0,79.4,5.8,1
4030,18,66.6,80.2,49.7,1.8,0
4031,24,72.5,49.2,71.3,7.4,0
4032,20,55.0,32.3,73.0,7.6,1
4033,18,72.4,51.7,72.6,9.1,1
4034,20,57.9,61.7,68.7,1.3,0
4035,22,40.4,80.6,77.8,7.0,1
4036,18,71.5,59.0,79.3,1.6,1
4037,21,64.9,100.0,49.9,8.7,1
4038,23,48.5,52.2,86.3,1.6,0
4039,23,89.7,70.6,52.3,11.0,1
4040,20,53.5,49.2,65.1,8.7,1
4041,24,74.1,67.3,59.3,6.6,1
4042,21,59.6,57.7,61.3,5.9,0
4043,18,88.2,55.5,83.0,2.4,0
4044,21,61.4,48.9,71.5,4.2,0
4045,21,39.9,62.7,78.2,10.6,0
4046,24,77.2,75.1,77.6,10.9,1
4047,18,88.1,42.4,47.0,1.0,0
4048,22,58.6,59.1,63.3,7.5,0
4049,24,75.2,68.9,79.0,8.9,1
4050,21,66.9,72.3,77.9,7.8,1
4051,21,59.3,93.5,48.9,1.9,1
4052,22,77.6,70.4,82.4,3.4,0
4053,21,53.0,52.8,77.4,3.8,0
4054,21,65.5,49.8,58.4,10.1,1
4055,21,68.9,49.6,74.9,6.1,1
4056,23,68.3,48.6,67.3,6.4,0
4057,24,53.4,63.9,75.9,11.3,0
4058,19,95.9,67.6,48.4,8.0,0
4059,24,83.9,74.8,65.8,10.9,1
4060,22,79.9,72.0,84.2,6.0,1
4061,21,86.5,82.4,76.5,2.6,1
4062,24,66.0,48.0,79.5,11.2,1
4063,23,59.4,89.5,67.2,6.0,0
4064,22,48.7,48.7,76.8,3.0,0
4065,20,54.4,66.3,68.0,4.3,0
4066,24,49.8,56.5,58.9,1.6,1
4067,20,57.1,59.6,67.0,6.2,0
4068,21,69.1,72.1,87.4,10.4,0
4069,23,78.7,34.1,83.6,11.3,1
4070,23,78.3,45.0,58.1,11.3,0
4071,24,47.4,73.5,65.0,2.4,0
4072,22,75.3,60.0,58.9,5.2,0
4073,22,82.2,55.4,72.2,1.3,0
4074,23,61.2,39.8,82.0,10.4,1
4075,22,83.0,55.5,94.4,4.9,0
4076,23,78.1,72.3,52.9,7.9,1
4077,24,46.0,49.9,80.3,8.9,1
4078,19,97.9,84.6,69.9,5.7,1
4079,23,54.3,79.4,65.6,4.4,0
4080,20,79.4,53.7,58.8,11.6,1
4081,22,78.8,49.3,91.4,11.6,1
4082,23,46.6,10.2,50.5,4.2,0
4083,23,67.7,40.6,64.1,6.3,1
4084,24,78.6,39.5,74.4,11.7,1
4085,22,46.5,34.2,75.4,1.1,0
4086,19,66.5,59.4,85.0,5.5,1
4087,24,79.9,65.6,59.4,2.1,0
4088,19,80.9,92.7,77.5,6.6,1
4089,24,59.0,61.2,69.2,1.3,0
4090,22,88.2,23.4,70.5,5.5,0
4091,18,84.6,46.5,64.5,3.4,1
4092,22,68.6,71.0,71.9,6.9,0
4093,22,55.1,58.5,68.3,12.0,0
4094,19,47.5,75.4,65.7,9.8,1
4095,19,70.7,50.8,63.7,10.3,1
4096,22,87.0,80.7,74.5,8.0,1
4097,22,62.8,64.4,54.0,1.5,0
4098,22,52.1,64.9,67.7,3.3,0
4099,19,77.4,62.7,60.8,11.2,1
4100,22,67.6,46.2,68.5,5.0,0
4101,22,72.7,59.0,68.7,2.1,0
4102,21,57.1,65.3,80.4,8.7,1
4103,18,59.5,34.8,77.9,4.3,0
4104,20,57.1,61.4,73.5,4.0,1
4105,18,72.5,81.9,72.1,12.0,1
4106,21,59.9,67.8,67.7,10.4,1
4107,20,73.9,84.6,67.5,5.5,0
4108,24,55.7,67.3,49.0,11.8,1
4109,22,72.5,43.8,78.8,8.2,1
4110,21,75.6,74.2,73.2,9.2,1
4111,24,70.0,39.5,84.4,1.3,0
4112,22,78.8,56.2,63.3,2.3,0
4113,19,57.8,55.0,85.1,8.0,1
4114,23,75.4,47.8,67.7,10.9,1
4115,21,68.5,100.0,63.1,7.9,1
4116,19,52.9,58.7,88.5,2.5,1
4117,21,36.4,92.6,74.4,2.3,0
4118,21,39.6,66.2,90.1,10.3,1
4119,19,31.9,45.2,72.0,2.5,0
4120,20,71.4,52.6,79.7,6.7,1
4121,18,60.1,59.3,82.3,1.4,0
4122,22,66.3,53.8,66.6,1.9,0
4123,21,62.3,55.1,74.2,8.4,1
4124,22,73.7,70.3,71.9,8.6,1
4125,23,74.2,66.6,80.0,4.8,1
4126,19,65.6,72.4,57.2,3.4,0
4127,22,66.6,87.5,77.2,10.0,1
4128,19,67.2,51.5,81.0,3.4,1
4129,22,85.9,80.1,61.8,7.0,1
4130,18,34.9,85.1,59.4,11.7,1
4131,18,54.9,83.3,50.1,2.6,1
4132,18,78.0,28.3,94.9,11.3,1
4133,18,81.6,92.4,61.2,3.0,0
4134,18,71.4,48.5,87.0,7.2,1
4135,18,62.2,26.9,67.5,5.1,0
4136,19,92.9,91.9,83.2,11.6,1
4137,21,67.7,69.2,77.0,4.0,1
4138,22,65.5,70.0,95.2,5.4,1
4139,18,85.0,54.0,87.3,11.8,1
4140,19,72.1,63.3,72.6,6.9,1
4141,19,79.1,57.5,73.7,6.5,0
4142,19,80.9,48.8,78.1,3.8,1
4143,21,59.4,60.4,100.0,8.7,1
4144,22,91.5,62.0,70.8,1.2,0
4145,21,28.1,36.2,54.5,1.5,0
4146,20,35.3,61.0,72.9,7.6,1
4147,24,54.8,27.8,62.3,4.8,1
4148,19,58.6,94.6,72.5,11.5,1
4149,20,70.4,58.2,83.8,10.9,1
4150,23,54.7,40.7,76.0,8.9,0
4151,18,64.8,69.2,62.9,10.0,1
4152,24,61.9,46.6,67.6,8.3,1
4153,18,95.1,59.5,57.2,2.4,1
4154,21,52.9,68.2,85.3,9.4,1
4155,24,39.8,41.7,79.8,3.3,1
4156,22,81.8,95.1,56.9,4.6,1
4157,20,54.3,96.8,100.0,10.0,1
4158,22,63.6,50.5,67.4,6.9,0
4159,21,55.3,39.8,73.5,10.5,0
4160,18,76.1,50.5,65.9,3.3,0
4161,24,44.4,51.4,75.0,7.7,1
4162,22,23.0,80.0,71.1,1.9,1
4163,22,84.4,50.8,53.2,8.1,0
4164,18,68.7,39.1,84.1,9.4,1
4165,24,81.1,61.8,60.1,7.4,1
4166,20,83.9,33.2,81.0,3.9,1
4167,18,51.3,79.2,67.2,1.3,0
4168,22,65.9,70.8,70.8,2.3,0
4169,20,72.6,49.2,75.8,7.8,0
4170,20,63.4,51.2,71.6,11.3,1
4171,18,60.3,64.5,78.9,3.3,1
4172,22,61.8,40.1,61.5,9.1,1
4173,21,81.3,45.8,82.4,10.5,1
4174,22,61.1,55.9,57.6,6.7,0
4175,19,74.0,36.3,59.0,8.4,1
4176,24,70.2,51.8,76.9,10.0,1
4177,23,50.5,40.7,82.6,3.9,0
4178,21,69.5,85.7,73.4,4.3,0
4179,20,41.9,52.7,87.9,1.0,1
4180,21,71.0,43.0,60.0,11.6,1
4181,24,78.4,72.1,56.0,11.1,1
4182,20,81.8,48.7,80.1,9.4,1
4183,24,50.7,40.2,71.5,1.9,0
4184,20,57.0,76.0,79.7,5.9,1
4185,21,69.3,54.2,57.7,2.1,0
4186,20,57.9,75.1,64.7,1.2,0
4187,20,36.1,59.7,90.9,7.8,1
4188,19,56.9,62.3,67.6,11.6,1
4189,22,69.2,70.1,87.1,10.9,1
4190,22,81.0,48.6,79.3,8.7,1
4191,23,90.3,45.4,66.6,2.1,0
4192,23,66.9,81.6,86.9,4.0,1
4193,19,73.5,70.4,73.9,4.5,0
4194,23,79.4,58.8,70.2,9.4,1
4195,24,34.2,74.3,69.0,9.8,1
4196,21,49.7,69.7,75.3,5.2,1
4197,18,66.5,77.0,56.5,5.6,0
4198,24,88.3,39.4,80.8,1.5,0
4199,18,74.4,58.8,75.3,4.2,0
4200,18,69.9,80.3,63.1,6.0,0
4201,19,61.6,90.2,54.8,2.3,0
4202,24,71.4,50.4,67.0,6.0,1
4203,19,56.1,62.9,73.0,10.4,1
4204,20,53.3,60.3,71.9,7.4,1
4205,18,54.6,37.6,71.8,1.9,0
4206,21,85.1,54.8,78.1,3.1,1
4207,23,52.4,31.6,56.2,6.2,0
4208,21,59.0,57.0,69.2,5.0,0
4209,23,72.1,41.3,73.6,4.9,1
4210,18,51.8,63.1,75.5,6.8,1
4211,18,68.4,54.4,80.8,7.4,0
4212,18,68.4,54.1,67.6,9.8,1
4213,19,55.6,88.0,70.6,4.8,1
4214,24,61.1,61.3,61.1,9.9,0
4215,23,50.8,93.8,74.7,4.7,1
4216,24,85.7,68.0,59.6,1.6,0
4217,19,68.9,74.7,76.9,7.1,1
4218,19,49.3,44.3,84.2,7.5,0
4219,22,66.9,47.5,75.6,11.3,1
4220,21,67.6,60.3,85.4,9.0,0
4221,21,31.4,81.8,64.6,11.1,0
4222,20,85.1,53.5,55.6,11.0,1
4223,19,50.2,34.2,68.1,7.7,0
4224,23,96.4,67.2,62.6,6.8,0
4225,22,76.9,61.2,64.1,7.1,1
4226,22,48.1,50.1,43.3,11.8,0
4227,24,60.3,53.3,72.1,9.5,0
4228,21,78.8,44.3,70.3,2.2,0
4229,19,61.4,76.6,80.1,9.6,1
4230,20,82.7,60.4,76.6,2.9,1
4231,19,59.4,64.3,67.9,5.9,0
4232,24,63.8,49.3,81.0,3.3,0
4233,18,79.3,84.1,80.6,8.6,0
4234,19,74.1,64.0,64.2,10.7,1
4235,24,51.1,21.5,72.4,4.2,0
4236,18,71.5,68.3,88.1,1.9,0
4237,18,67.5,55.2,73.9,4.3,1
4238,20,51.3,57.0,60.1,8.4,0
4239,23,44.1,77.9,56.5,4.6,0
4240,21,36.0,61.6,52.3,4.1,0
4241,19,60.6,90.8,45.4,3.0,0
4242,18,64.2,61.9,64.2,6.5,1
4243,19,72.6,51.6,67.9,4.0,0
4244,23,77.3,27.4,58.3,9.0,0
4245,21,58.8,47.1,61.8,1.8,0
4246,23,63.8,54.2,58.6,8.3,1
4247,21,53.6,86.4,51.0,3.6,1
4248,22,66.3,51.7,68.0,6.4,1
4249,21,79.5,89.6,78.0,4.1,1
4250,20,66.5,39.3,63.9,9.0,1
4251,23,82.4,46.1,83.6,11.4,1
4252,18,79.3,80.3,71.8,11.1,1
4253,22,86.9,49.3,80.7,7.4,0
4254,20,66.9,79.8,70.4,6.1,0
4255,19,57.0,45.1,78.1,10.0,1
4256,23,74.3,46.9,53.1,8.5,1
4257,24,59.4,71.6,80.1,3.0,1
4258,24,73.8,45.4,70.1,10.0,1
4259,18,55.1,55.1,83.2,5.7,0
4260,21,52.6,67.1,67.0,3.1,0
4261,18,83.2,55.5,90.9,4.1,0
4262,24,49.8,49.9,76.4,3.9,1
4263,19,80.3,38.3,59.1,6.7,1
4264,22,73.8,86.1,83.5,3.6,0
4265,22,66.4,89.5,57.3,2.4,0
4266,23,36.6,65.9,56.6,2.4,0
4267,22,87.3,55.8,85.5,7.4,1
4268,23,51.0,56.8,74.0,9.1,0
4269,23,79.3,75.0,70.9,4.5,0
4270,23,54.6,78.6,64.0,1.4,1
4271,24,53.4,50.3,80.0,2.4,1
4272,24,75.0,79.3,66.7,11.1,1
4273,21,73.1,71.1,72.4,6.4,0
4274,20,47.8,79.0,56.5,6.0,1
4275,23,86.6,31.2,69.3,1.4,0
4276,23,61.9,52.5,72.1,9.0,0
4277,20,66.0,56.9,76.4,6.8,0
4278,18,60.5,51.6,74.1,3.2,0
4279,23,48.5,94.5,66.0,2.2,0
4280,21,76.0,52.6,73.4,5.2,0
4281,22,69.3,68.4,81.8,10.2,1
4282,22,52.9,62.8,52.2,10.5,1
4283,19,79.2,54.8,68.0,7.6,1
4284,19,65.8,47.2,72.5,9.0,1
4285,22,66.1,97.0,58.9,2.3,0
4286,22,91.6,56.0,81.2,7.5,0
4287,24,40.9,75.8,77.2,8.3,1
4288,21,40.7,59.8,82.0,3.2,1
4289,20,44.1,51.7,95.9,10.7,1
4290,19,70.5,61.9,74.0,3.1,0
4291,24,59.6,65.5,66.6,4.4,1
4292,24,60.8,51.5,81.3,7.8,0
4293,20,50.9,46.2,62.9,8.0,1
4294,24,90.0,68.6,75.6,8.7,1
4295,21,95.0,62.1,82.4,2.2,0
4296,22,78.5,48.3,80.0,10.3,1
4297,23,42.4,43.1,86.9,6.9,0
4298,20,57.7,66.3,66.7,6.2,0
4299,22,77.4,25.5,78.5,11.8,1
4300,22,64.3,55.3,71.1,9.1,0
4301,18,78.5,62.4,73.0,2.3,1
4302,20,83.7,91.3,73.0,9.3,1
4303,24,93.6,60.2,76.5,2.0,0
4304,23,55.2,54.6,69.6,1.3,0
4305,20,66.2,65.1,53.0,5.4,0
4306,24,58.4,47.1,71.9,11.9,1
4307,22,35.0,56.1,74.3,2.9,0
4308,23,75.5,60.5,69.5,8.4,1
4309,24,73.5,71.3,75.2,2.9,1
4310,21,56.8,47.9,68.5,9.0,0
4311,24,41.0,59.9,66.7,6.6,1
4312,18,59.2,27.8,86.7,8.5,0
4313,22,76.0,69.3,97.1,3.2,1
4314,24,85.1,55.9,80.6,9.2,1
4315,19,54.3,93.9,63.1,12.0,1
4316,19,81.6,66.3,72.7,8.3,1
4317,18,74.3,44.4,71.8,6.4,0
4318,21,71.2,40.3,78.0,11.2,1
4319,22,45.6,71.9,72.3,1.2,0
4320,20,46.2,92.3,77.4,9.0,1
4321,18,52.5,86.8,91.5,10.8,1
4322,21,60.1,38.2,47.9,1.7,0
4323,20,92.0,63.7,63.9,6.0,1
4324,19,55.1,80.3,81.5,3.3,1
4325,19,76.6,35.9,69.5,7.2,0
4326,20,58.0,78.7,77.1,8.1,0
4327,18,72.1,47.3,67.7,4.3,1
4328,19,64.1,56.1,88.7,6.1,0
4329,22,67.7,65.0,83.9,4.1,1
4330,23,70.5,79.2,73.6,5.1,0
4331,24,61.3,87.6,90.1,2.8,1
4332,20,70.6,54.2,73.7,10.7,0
4333,20,83.5,51.4,70.8,1.1,0
4334,19,53.7,50.2,87.6,10.7,1
4335,18,82.8,74.0,53.2,7.3,0
4336,22,61.0,77.9,72.0,4.6,0
4337,18,59.4,76.1,74.2,9.0,1
4338,21,75.5,64.9,67.3,6.6,1
4339,21,59.9,66.6,61.1,6.5,0
4340,23,69.8,55.9,69.1,2.2,1
4341,19,68.4,57.5,51.9,5.3,0
4342,19,33.7,75.4,88.6,3.7,0
4343,19,71.3,64.8,89.2,1.2,0
4344,23,43.4,51.5,70.9,5.0,0
4345,21,44.5,79.8,66.3,2.0,0
4346,18,70.5,49.1,52.3,3.8,0
4347,23,73.0,62.6,62.2,2.0,0
4348,23,83.1,37.7,87.8,2.1,0
4349,18,48.7,43.0,70.1,3.2,0
4350,19,53.9,60.3,63.8,12.0,1
4351,22,72.0,47.5,70.6,1.0,0
4352,18,83.4,55.9,63.5,8.0,1
4353,21,67.9,81.8,51.1,2.6,0
4354,20,51.8,57.8,66.3,11.1,1
4355,20,87.6,76.2,57.5,2.0,0
4356,24,61.1,45.9,75.1,11.5,1
4357,24,61.5,69.9,81.1,7.7,1
4358,23,43.5,42.0,61.5,1.0,0
4359,20,75.9,55.5,72.3,10.8,1
4360,22,77.8,70.6,69.8,6.7,1
4361,19,54.4,60.2,61.2,3.9,0
4362,21,91.3,77.0,42.7,9.4,1
4363,24,56.2,72.0,57.7,11.2,1
4364,22,74.4,54.4,60.7,6.3,1
4365,21,68.4,83.3,71.7,4.5,1
4366,21,34.6,67.9,72.9,9.7,1
4367,19,73.2,55.6,84.9,8.5,1
4368,23,71.8,62.6,57.6,10.8,1
4369,20,38.5,61.6,60.2,8.6,1
4370,19,87.9,63.6,62.3,3.7,1
4371,22,71.9,57.4,67.7,11.2,1
4372,23,83.6,66.7,72.6,2.2,1
4373,22,39.3,74.2,75.2,3.9,1
4374,23,58.8,67.7,47.4,6.7,1
4375,24,82.7,67.0,84.3,7.2,1
4376,22,41.5,58.2,75.6,1.2,0
4377,19,59.3,44.1,80.6,9.6,1
4378,23,71.1,39.7,41.3,5.0,0
4379,23,36.6,47.3,80.0,5.5,1
4380,21,45.2,52.5,58.1,9.9,1
4381,21,85.7,90.1,64.6,5.2,0
4382,18,65.9,82.5,87.2,1.5,0
4383,22,82.7,49.3,77.9,2.9,0
4384,21,67.7,68.1,61.9,11.5,1
4385,18,100.0,58.8,79.6,1.8,0
4386,24,71.6,64.2,74.3,4.9,0
4387,24,84.0,50.1,65.1,6.5,1
4388,21,61.3,100.0,75.7,6.4,1
4389,22,68.2,93.6,65.5,1.0,0
4390,23,74.6,54.7,74.6,6.5,1
4391,20,77.1,49.3,74.5,5.2,0
4392,22,64.4,76.7,76.0,11.7,1
4393,19,65.0,38.2,93.1,2.8,0
4394,24,72.5,75.2,81.3,4.9,0
4395,21,72.5,62.3,82.0,5.6,1
4396,21,49.6,34.2,63.7,5.3,1
4397,23,68.4,57.3,51.8,8.3,1
4398,19,69.8,48.2,67.7,3.4,0
4399,23,50.4,62.9,64.2,3.4,0
4400,19,78.6,61.0,77.2,9.0,1
4401,20,71.2,35.7,67.6,6.5,0
4402,24,100.0,54.0,85.9,5.6,1
4403,21,64.6,70.3,49.1,2.9,0
4404,21,82.0,73.4,66.6,3.1,0
4405,20,73.1,53.5,74.5,1.1,0
4406,18,93.8,68.2,58.3,2.0,0
4407,24,50.5,64.8,80.9,7.1,1
4408,23,57.6,59.1,80.5,10.8,0
4409,20,51.0,68.3,64.8,4.2,1
4410,23,63.8,43.3,100.0,4.6,0
4411,22,48.1,60.0,56.6,2.3,0
4412,21,42.1,31.1,53.8,5.3,0
4413,23,33.0,59.0,64.3,1.4,0
4414,19,32.0,85.7,72.3,11.1,1
4415,23,74.8,54.2,50.6,8.4,1
4416,22,58.2,83.9,77.4,11.9,1
4417,24,46.5,54.5,99.5,10.7,1
4418,21,55.1,40.5,53.3,6.2,0
4419,20,57.1,72.0,72.4,6.7,1
4420,22,50.5,68.4,81.5,3.1,0
4421,21,89.1,100.0,79.2,6.1,1
4422,23,86.3,42.4,95.9,10.9,1
4423,24,88.8,66.4,64.4,1.6,1
4424,18,67.7,67.1,93.8,10.5,0
4425,24,69.2,79.0,69.3,4.8,0
4426,18,55.2,69.5,63.9,10.9,0
4427,19,52.3,54.8,92.5,11.3,1
4428,24,65.3,40.7,65.6,8.4,1
4429,21,74.8,66.2,82.9,8.3,1
4430,18,82.9,66.7,64.1,6.0,1
4431,20,56.8,71.4,54.7,10.2,1
4432,21,46.2,54.8,54.7,11.6,1
4433,20,76.0,65.0,78.5,9.5,1
4434,24,37.7,32.2,57.2,7.8,1
4435,20,64.4,41.5,67.5,7.7,0
4436,18,66.3,76.8,62.2,10.3,1
4437,21,59.3,63.2,59.5,7.0,0
4438,23,41.8,68.6,60.9,9.8,1
4439,22,59.5,49.2,72.5,6.6,1
4440,18,89.6,46.9,34.3,1.7,0
4441,18,73.9,52.4,80.1,5.2,0
4442,23,82.4,64.3,54.5,5.9,1
4443,21,46.7,72.3,56.0,2.6,0
4444,21,68.8,55.5,52.7,2.1,1
4445,24,66.3,30.1,73.2,6.9,0
4446,20,66.6,67.2,87.6,1.9,0
4447,24,73.3,64.8,68.4,4.3,0
4448,23,67.2,68.6,75.2,9.2,0
4449,24,47.2,75.4,76.5,11.6,1
4450,23,74.2,74.0,78.9,8.9,1
4451,21,77.6,84.5,58.0,11.9,1
4452,20,84.8,60.5,89.1,8.7,1
4453,24,85.5,52.2,66.0,4.2,0
4454,18,72.1,78.7,73.4,8.4,1
4455,19,47.9,76.4,68.2,8.7,1
4456,22,42.1,55.8,64.7,5.1,0
4457,18,61.6,79.9,81.3,1.2,0
4458,21,78.8,61.3,77.6,8.7,1
4459,22,77.8,83.0,43.8,1.2,0
4460,19,69.1,91.1,75.0,7.9,1
4461,19,64.5,100.0,95.2,2.8,1
4462,20,93.6,61.1,72.2,7.2,1
4463,22,73.6,85.5,63.9,6.5,0
4464,20,63.7,75.4,65.4,1.1,0
4465,18,55.3,77.0,63.3,5.0,1
4466,23,49.9,67.6,56.2,7.6,1
4467,23,48.4,77.1,67.8,10.3,1
4468,23,49.9,35.3,67.7,10.8,0
4469,22,69.2,59.5,77.2,6.3,1
4470,23,64.7,48.2,63.7,9.0,1
4471,18,60.1,46.7,94.1,4.5,1
4472,20,76.0,34.2,58.8,4.8,0
4473,22,92.1,50.5,71.8,3.1,0
4474,20,52.6,56.9,61.0,7.2,0
4475,22,54.9,63.3,63.5,4.5,0
4476,20,31.7,59.8,66.6,1.9,0
4477,19,64.6,78.9,72.4,8.5,1
4478,20,63.1,43.9,79.6,8.8,1
4479,23,78.4,25.0,64.4,5.0,0
4480,19,63.7,69.6,52.0,1.8,1
4481,20,56.2,59.2,86.4,5.7,1
4482,22,67.9,58.8,58.3,5.9,0
4483,22,73.4,47.2,67.0,8.4,1
4484,22,40.7,76.4,70.7,4.5,1
4485,21,80.1,52.5,68.8,8.5,1
4486,18,84.6,44.1,53.1,10.6,1
4487,22,73.2,90.1,80.3,3.6,0
4488,19,51.0,72.4,36.2,11.8,1
4489,22,60.1,59.3,81.8,5.3,0
4490,21,82.7,16.1,83.9,3.9,1
4491,23,50.3,55.8,80.8,5.6,0
4492,19,74.4,59.6,66.3,2.0,0
4493,21,64.2,86.3,71.6,2.4,0
4494,23,67.4,28.5,62.0,5.6,1
4495,24,52.5,88.1,70.8,9.4,1
4496,24,70.0,67.9,77.5,10.9,1
4497,19,68.9,38.3,56.9,8.3,0
4498,20,42.4,76.6,68.4,2.2,0
4499,18,64.9,55.6,64.3,8.4,0
4500,18,74.2,30.1,84.1,8.0,1
4501,21,59.2,52.0,58.7,9.9,1
4502,23,28.3,64.6,77.5,10.1,0
4503,18,63.3,61.1,69.4,10.6,1
4504,23,87.0,71.6,68.5,5.6,0
4505,23,59.8,79.8,77.9,8.7,1
4506,21,86.4,40.2,65.4,4.0,1
4507,21,52.8,59.6,71.2,12.0,1
4508,21,47.6,49.0,83.3,2.9,0
4509,18,64.9,37.5,60.7,1.1,1
4510,24,52.7,59.1,73.3,2.6,1
4511,21,69.9,67.8,80.6,9.5,1
4512,18,59.4,68.8,75.6,5.9,0
4513,21,87.1,52.9,85.4,5.9,0
4514,22,58.4,41.9,68.6,11.5,0
4515,23,66.3,48.4,78.1,11.1,1
4516,21,73.9,26.2,83.2,4.4,0
4517,19,79.3,38.6,49.7,3.3,1
4518,23,87.2,40.2,65.1,10.3,1
4519,23,61.5,75.2,74.5,11.0,1
4520,21,59.0,75.2,81.0,7.0,1
4521,24,36.3,98.3,72.9,7.9,1
4522,20,95.6,64.3,86.8,3.8,1
4523,24,70.4,51.3,63.6,9.8,0
4524,21,76.3,60.2,55.2,8.0,1
4525,23,73.3,57.0,79.5,6.5,1
4526,19,65.7,48.6,68.6,1.7,0
4527,23,70.3,65.8,59.9,11.1,1
4528,24,56.6,63.5,90.5,7.8,1
4529,19,60.5,58.5,79.0,3.1,0
4530,18,50.7,54.7,77.8,7.7,0
4531,22,88.4,71.4,89.1,8.5,1
4532,23,73.4,50.0,65.4,6.8,1
4533,21,94.6,52.7,87.0,8.9,1
4534,18,99.4,68.6,75.0,7.4,1
4535,22,43.9,78.2,62.9,11.4,0
4536,21,79.8,76.6,69.9,1.6,0
4537,20,44.6,55.3,72.2,2.2,0
4538,21,67.7,37.2,83.4,2.9,0
4539,19,69.7,54.8,53.8,8.6,1
4540,19,45.7,61.3,49.0,8.1,1
4541,20,53.9,39.9,60.5,10.8,1
4542,18,70.4,54.5,69.2,9.1,1
4543,22,67.6,81.7,78.6,6.6,1
4544,21,49.7,62.7,64.5,11.9,1
4545,19,54.5,50.3,75.0,3.9,1
4546,18,42.6,60.5,89.2,10.2,1
4547,20,47.0,61.5,49.6,5.7,1
4548,24,59.4,53.3,68.4,8.1,0
4549,23,79.8,73.9,99.0,9.0,1
4550,24,81.7,27.1,61.5,8.0,0
4551,24,92.5,68.5,60.2,2.5,0
4552,19,71.4,49.7,76.3,5.9,1
4553,20,67.8,78.8,63.6,7.2,1
4554,21,72.4,37.1,82.9,10.3,0
4555,24,72.3,76.9,99.7,5.9,1
4556,24,40.8,45.8,70.9,11.1,1
4557,22,93.3,65.8,100.0,5.8,1
4558,19,36.0,51.6,64.6,7.0,0
4559,19,82.2,80.3,68.0,9.8,1
4560,21,65.8,56.6,58.5,7.4,0
4561,23,48.7,47.0,64.6,11.6,1
4562,18,73.0,85.2,67.1,8.3,1
4563,22,63.2,55.0,75.0,6.7,1
4564,19,54.8,69.4,55.0,1.3,0
4565,22,44.3,76.9,63.8,5.6,0
4566,19,43.0,44.2,64.1,4.3,1
4567,22,55.8,67.6,80.7,9.2,0
4568,20,59.2,70.0,71.4,3.3,1
4569,24,46.8,32.1,71.4,3.3,0
4570,19,65.6,65.8,71.0,3.1,0
4571,22,49.0,53.6,49.1,2.4,1
4572,18,70.4,89.2,89.3,4.4,0
4573,20,83.5,75.6,58.9,10.7,0
4574,20,69.3,67.9,80.7,9.5,0
4575,18,63.6,23.3,67.3,9.1,0
4576,22,57.0,68.0,62.7,9.8,1
4577,21,86.7,46.3,82.5,4.0,0
4578,18,62.1,75.7,55.7,10.8,1
4579,22,100.0,57.1,56.7,2.5,0
4580,18,47.3,50.7,71.9,4.7,1
4581,18,69.3,52.1,72.2,7.5,0
4582,19,86.2,53.3,79.8,2.1,0
4583,22,54.6,35.7,78.6,9.0,1
4584,21,61.5,38.1,69.2,5.3,0
4585,24,74.4,54.0,71.3,9.6,1
4586,19,70.8,88.0,68.3,6.4,1
4587,18,73.4,72.9,87.0,3.0,1
4588,24,82.4,74.5,58.2,9.1,1
4589,23,59.8,81.6,70.4,3.8,0
4590,24,86.6,65.1,79.2,6.4,1
4591,18,39.2,51.8,83.3,1.8,0
4592,18,81.2,52.6,62.0,7.8,1
4593,22,82.2,45.1,58.4,8.3,0
4594,22,53.4,74.6,55.1,5.2,0
4595,19,43.2,43.1,65.9,11.5,1
4596,21,61.5,97.6,73.1,10.6,1
4597,19,71.1,43.7,64.3,8.8,0
4598,20,60.0,82.0,78.4,8.9,1
4599,18,72.5,82.1,69.2,3.8,1
4600,24,94.1,71.2,77.3,8.2,1
4601,23,44.5,89.2,71.8,3.2,1
4602,18,35.7,56.5,49.8,2.6,0
4603,18,64.0,62.3,56.2,12.0,1
4604,19,54.8,64.0,83.9,7.8,0
4605,23,57.8,70.6,58.8,5.7,1
4606,23,84.0,27.3,80.2,4.2,1
4607,23,63.2,58.1,71.5,7.6,1
4608,19,64.6,75.4,58.2,1.5,0
4609,18,58.4,53.3,79.0,2.0,0
4610,19,64.4,95.3,64.3,1.4,0
4611,22,69.0,62.3,71.8,6.5,0
4612,22,100.0,69.3,67.5,7.6,0
4613,19,69.2,87.9,37.5,1.7,1
4614,23,82.4,62.3,78.1,8.9,0
4615,18,67.8,87.6,79.2,3.5,0
4616,19,34.6,70.5,64.1,8.5,0
4617,19,56.5,70.5,77.7,11.8,1
4618,19,69.2,44.0,59.5,8.6,1
4619,20,75.9,79.9,59.8,10.7,1
4620,22,68.2,49.1,72.9,11.4,1
4621,24,78.8,56.6,61.6,6.4,0
4622,23,43.1,82.7,68.4,8.7,1
4623,21,65.7,53.4,58.7,10.4,0
4624,24,84.9,66.3,54.6,4.9,0
4625,23,50.4,59.0,72.5,3.9,1
4626,21,81.8,59.7,72.6,11.4,1
4627,20,81.0,57.3,70.2,9.0,1
4628,19,46.4,41.3,66.5,3.4,0
4629,20,70.1,69.8,61.6,5.9,0
4630,20,67.4,71.4,57.0,9.8,1
4631,24,62.4,49.5,56.6,7.0,1
4632,18,42.1,52.0,62.8,8.1,0
4633,24,61.1,76.4,82.3,9.3,1
4634,22,62.7,55.3,72.8,7.8,1
4635,21,39.5,61.7,74.3,6.9,0
4636,19,45.4,44.1,54.9,9.2,0
4637,24,51.1,58.9,72.2,9.0,1
4638,21,49.3,44.2,74.0,7.9,0
4639,23,69.9,49.1,89.0,5.0,1
4640,21,78.7,46.2,69.8,5.5,1
4641,23,60.3,75.5,65.3,11.7,1
4642,24,76.5,36.1,60.8,2.2,0
4643,22,79.3,64.8,70.7,4.0,1
4644,24,63.7,56.0,67.7,6.4,0
4645,23,71.1,85.1,83.5,10.2,1
4646,21,61.6,74.0,80.8,2.8,0
4647,21,48.2,37.7,58.1,4.0,0
4648,23,53.8,49.9,69.7,1.7,0
4649,20,69.9,59.7,99.4,8.8,1
4650,22,63.2,49.9,52.4,3.6,0
4651,18,76.1,76.3,67.8,5.3,1
4652,19,36.7,63.1,79.0,5.9,0
4653,21,40.3,56.5,67.1,10.8,1
4654,19,42.1,77.7,66.1,5.5,1
4655,18,67.5,38.8,64.4,2.6,0
4656,24,44.3,55.2,57.2,6.8,0
4657,19,69.8,64.5,68.0,11.6,1
4658,18,76.3,57.5,82.3,7.7,1
4659,23,87.7,4.1,54.7,11.8,0
4660,20,86.1,66.1,73.2,10.3,1
4661,21,54.6,69.0,82.9,1.4,0
4662,18,40.0,41.8,69.8,8.2,0
4663,19,55.5,20.7,64.9,4.2,1
4664,21,79.7,47.8,78.1,7.2,0
4665,20,59.2,56.3,59.2,4.1,0
4666,23,64.6,58.0,75.1,4.8,0
4667,24,56.6,24.6,68.0,11.2,0
4668,21,88.7,63.7,70.8,3.3,0
4669,24,49.8,78.5,90.1,10.6,1
4670,18,66.0,77.2,83.9,1.3,1
4671,20,81.6,82.0,87.8,2.0,1
4672,19,92.6,38.2,60.2,10.4,0
4673,20,54.6,75.8,57.7,7.9,1
4674,20,79.4,43.2,75.6,9.2,1
4675,22,55.5,74.2,73.9,3.3,0
4676,20,85.7,46.7,46.3,6.9,0
4677,20,90.9,66.3,74.1,9.1,1
4678,21,51.7,87.6,94.6,7.9,0
4679,19,74.8,76.8,92.8,6.2,0
4680,21,81.7,43.4,61.6,11.6,1
4681,21,60.6,39.5,78.5,8.4,1
4682,18,73.2,74.0,59.3,11.0,1
4683,21,74.0,83.8,68.8,9.0,1
4684,22,95.1,67.7,60.2,9.1,1
4685,22,35.4,50.8,56.0,1.9,0
4686,24,64.2,60.8,80.6,5.0,1
4687,18,46.2,67.8,73.4,10.4,1
4688,24,65.2,58.4,75.3,3.6,1
4689,24,53.3,43.4,77.6,2.3,1
4690,23,61.2,79.1,72.4,4.6,0
4691,19,51.9,93.8,57.5,3.4,0
4692,19,67.3,85.7,72.5,11.2,1
4693,21,81.1,20.9,67.4,10.5,1
4694,21,59.4,80.8,67.7,6.5,1
4695,23,86.5,70.4,58.7,1.7,0
4696,21,80.7,48.2,51.9,8.9,1
4697,19,95.5,24.7,63.2,7.9,1
4698,24,71.2,58.0,76.5,11.7,1
4699,20,64.1,66.5,69.2,7.1,0
4700,22,41.2,40.1,91.4,4.7,0
4701,20,53.3,82.2,69.2,6.7,1
4702,20,61.9,81.7,72.3,11.8,1
4703,19,63.7,68.4,70.2,8.7,1
4704,20,100.0,35.3,57.2,8.4,0
4705,23,61.9,55.3,69.7,3.6,0
4706,18,38.5,73.0,57.2,9.2,1
4707,21,75.0,71.8,69.2,9.3,1
4708,18,74.1,47.4,48.9,4.5,1
4709,24,58.1,50.1,69.2,6.3,1
4710,22,96.9,47.0,71.8,4.2,0
4711,21,36.6,54.9,72.6,3.8,1
4712,20,83.7,51.2,52.8,1.3,0
4713,22,60.6,48.0,75.8,4.1,0
4714,21,50.7,57.5,77.9,7.1,1
4715,23,100.0,60.7,58.5,1.0,0
4716,23,76.1,79.6,81.8,4.1,1
4717,23,60.5,27.9,72.3,10.7,1
4718,23,60.2,81.9,69.3,7.5,0
4719,20,69.1,46.5,76.8,7.7,0
4720,18,58.1,93.5,89.5,5.4,0
4721,21,84.5,72.1,68.3,8.4,1
4722,20,66.3,69.9,64.1,3.1,0
4723,23,80.3,58.1,95.0,10.0,1
4724,24,68.1,97.1,67.9,2.3,1
4725,18,78.0,59.4,74.4,8.2,0
4726,24,85.2,87.2,67.9,4.8,0
4727,22,90.2,49.7,50.7,9.2,1
4728,24,72.4,72.9,66.3,7.0,1
4729,22,52.0,94.2,83.3,6.0,0
4730,22,62.4,44.7,60.3,2.9,0
4731,23,64.6,68.8,85.8,8.0,0
4732,22,56.4,47.3,79.2,11.7,1
4733,19,53.9,67.7,57.9,10.1,1
4734,21,67.6,94.1,55.5,1.7,1
4735,21,50.3,43.2,55.2,5.1,0
4736,23,47.3,62.8,65.1,11.2,1
4737,19,39.6,45.0,56.9,6.5,0
4738,24,72.2,57.7,84.6,8.3,1
4739,20,70.1,71.2,55.8,11.0,1
4740,24,60.1,54.6,59.3,10.6,1
4741,20,79.9,88.3,88.2,6.5,0
4742,22,50.0,68.7,66.8,5.8,0
4743,18,70.7,36.2,75.1,4.7,0
4744,20,65.8,65.8,75.6,8.9,1
4745,18,53.9,86.3,52.5,4.2,0
4746,21,57.6,69.8,79.6,3.7,0
4747,18,56.5,64.7,77.4,4.9,1
4748,21,68.8,54.6,77.8,2.9,1
4749,19,73.9,58.3,61.9,8.6,1
4750,19,58.6,60.2,73.4,7.8,1
4751,23,54.3,16.0,67.9,6.3,0
4752,23,67.1,68.3,71.1,5.3,1
4753,22,40.2,77.9,60.7,11.0,0
4754,20,65.5,46.5,67.7,1.3,0
4755,22,88.4,64.2,81.7,9.5,0
4756,21,54.4,66.4,46.9,10.9,1
4757,22,62.3,74.6,65.6,5.9,1
4758,18,80.4,60.2,77.7,7.1,1
4759,21,76.3,69.7,56.9,11.4,1
4760,23,65.9,39.1,74.8,3.3,1
4761,19,64.1,41.7,75.6,6.7,0
4762,23,46.5,67.8,68.2,6.2,1
4763,20,72.4,55.9,73.6,3.8,0
4764,21,44.8,31.5,89.5,10.0,0
4765,21,34.0,66.3,61.9,10.9,0
4766,18,80.1,37.1,53.3,9.6,1
4767,20,70.8,100.0,64.9,3.1,1
4768,19,78.2,20.8,58.1,2.0,0
4769,24,54.0,60.9,74.6,7.7,0
4770,21,72.0,39.9,64.5,1.6,1
4771,21,58.4,76.5,77.4,8.4,1
4772,18,60.1,52.7,73.5,6.8,0
4773,22,79.6,78.2,61.8,8.3,0
4774,19,62.8,73.8,58.9,7.5,1
4775,23,54.6,40.8,53.3,5.6,1
4776,20,44.5,46.9,82.6,3.2,0
4777,21,70.4,53.8,76.3,4.4,1
4778,21,80.9,58.8,65.1,6.8,0
4779,23,53.3,56.5,77.3,8.2,1
4780,19,75.3,73.1,56.7,9.6,1
4781,22,50.9,64.2,59.5,9.4,1
4782,21,76.2,49.0,58.3,11.7,1
4783,19,65.5,43.6,73.3,4.1,0
4784,23,69.0,45.3,62.7,1.8,1
4785,18,54.5,65.9,52.6,4.8,1
4786,22,70.4,56.5,71.1,9.2,1
4787,20,56.0,97.4,76.9,5.8,0
4788,21,58.8,60.0,68.4,10.0,1
4789,19,42.2,63.4,83.7,7.0,0
4790,18,53.4,27.6,79.6,11.2,0
4791,20,57.1,35.9,83.4,11.4,1
4792,24,69.7,39.8,79.4,1.8,0
4793,19,73.9,50.4,72.8,6.0,1
4794,19,55.9,33.3,55.1,7.7,1
4795,20,62.5,39.2,65.8,3.8,0
4796,18,90.3,72.0,63.9,5.5,1
4797,24,67.0,44.5,59.3,8.5,1
4798,23,56.9,59.3,63.1,3.5,1
4799,18,39.8,70.7,52.4,7.6,1
4800,22,52.2,77.0,80.6,8.7,1
4801,21,51.6,65.3,57.3,2.0,0
4802,20,94.7,66.3,79.8,6.5,0
4803,23,52.3,77.6,85.9,3.9,0
4804,24,65.8,67.5,60.8,9.0,1
4805,20,70.6,78.6,63.3,3.1,0
4806,20,81.6,21.4,76.0,10.8,1
4807,18,65.1,58.5,64.8,5.7,1
4808,21,57.3,61.0,60.4,3.2,1
4809,22,56.4,57.9,75.3,5.8,1
4810,19,70.3,62.2,61.1,5.5,1
4811,19,54.7,52.7,95.7,5.7,0
4812,20,48.4,74.2,76.7,7.4,1
4813,21,57.3,50.4,78.0,6.7,1
4814,24,45.1,56.1,68.9,2.6,0
4815,24,92.8,86.0,92.4,1.7,0
4816,23,73.9,83.5,61.1,9.0,0
4817,18,89.3,62.8,79.1,7.2,1
4818,21,72.3,48.5,53.9,4.9,1
4819,21,87.9,30.6,97.5,9.9,1
4820,18,70.5,57.6,79.8,5.3,1
4821,24,75.9,69.1,58.7,9.8,1
4822,24,33.0,47.0,76.3,4.4,0
4823,24,51.3,60.1,82.8,1.8,1
4824,20,65.6,53.7,59.3,11.3,1
4825,21,65.9,29.0,64.5,5.3,0
4826,19,63.9,62.1,58.1,9.7,1
4827,18,71.8,67.8,75.7,4.1,1
4828,24,72.4,62.9,72.2,8.1,1
4829,23,78.0,89.0,70.4,10.6,1
4830,24,75.0,54.2,60.3,1.5,0
4831,24,83.1,52.8,67.5,10.1,1
4832,22,83.2,99.0,61.4,7.3,1
4833,20,67.6,37.5,75.8,7.7,1
4834,18,96.2,48.8,57.4,6.8,1
4835,22,85.4,66.5,60.4,10.6,1
4836,22,52.9,80.3,79.8,1.5,0
4837,23,70.9,76.8,64.7,3.9,1
4838,21,37.4,41.3,91.1,10.6,0
4839,23,39.9,89.3,72.4,9.3,1
4840,21,57.5,68.4,48.2,1.2,0
4841,21,51.9,45.3,54.1,6.7,0
4842,18,57.6,46.8,62.9,6.8,0
4843,24,69.9,61.3,78.9,5.4,0
4844,18,83.4,98.7,77.7,4.3,1
4845,20,82.6,63.8,64.2,8.5,1
4846,21,71.2,98.6,84.8,3.3,1
4847,22,48.7,75.8,73.9,9.8,1
4848,24,56.6,37.3,66.2,9.8,1
4849,19,74.6,85.3,84.1,5.6,0
4850,20,52.6,43.0,60.3,4.1,0
4851,18,46.0,48.9,76.7,4.1,0
4852,23,72.4,65.0,77.9,6.3,0
4853,20,64.3,59.5,77.4,8.9,1
4854,20,61.8,76.1,68.1,4.9,0
4855,24,81.6,69.0,80.5,7.7,0
4856,20,81.3,57.9,92.1,5.2,1
4857,20,91.7,90.6,68.1,4.3,0
4858,19,55.2,51.5,70.8,1.3,0
4859,23,71.4,42.0,81.1,1.0,1
4860,23,65.3,68.3,66.8,3.5,1
4861,23,70.1,59.7,66.5,5.5,0
4862,21,48.0,64.4,56.1,10.4,0
4863,22,44.0,73.3,49.3,9.8,1
4864,23,64.4,56.7,56.4,3.9,0
4865,20,52.4,93.5,80.4,3.7,0
4866,20,79.1,64.8,57.7,3.5,1
4867,23,42.5,51.9,75.8,4.7,1
4868,24,43.7,70.6,87.8,6.5,0
4869,23,58.8,58.5,71.9,5.8,1
4870,20,41.9,62.0,59.4,3.4,1
4871,21,90.1,40.1,68.4,2.4,0
4872,18,62.3,42.1,74.6,1.1,1
4873,18,56.0,79.1,74.6,2.7,1
4874,23,72.0,37.8,71.4,8.8,0
4875,19,78.3,57.8,77.6,3.7,1
4876,23,68.1,65.9,82.0,6.2,1
4877,24,64.0,85.4,64.2,7.5,1
4878,23,50.2,51.3,86.9,10.8,0
4879,18,74.5,73.7,74.0,10.8,1
4880,20,86.3,57.8,43.3,9.2,1
4881,23,61.7,20.8,67.7,1.4,0
4882,20,52.3,60.8,67.9,7.3,1
4883,20,67.7,58.8,83.0,9.7,0
4884,19,65.0,67.7,63.0,1.2,1
4885,20,46.8,48.4,71.8,7.0,0
4886,18,57.5,50.4,53.0,10.4,0
4887,21,91.8,81.6,60.0,6.2,1
4888,21,44.8,53.9,79.6,1.0,0
4889,22,54.6,25.6,55.3,1.1,0
4890,24,50.8,68.8,81.6,5.6,0
4891,23,52.1,75.5,83.7,2.7,0
4892,24,58.3,75.4,84.9,8.3,1
4893,18,71.7,48.9,88.5,8.8,0
4894,20,84.6,60.0,79.3,3.0,0
4895,21,68.0,69.6,75.1,10.8,1
4896,24,54.7,77.4,77.4,5.9,0
4897,18,88.1,69.0,70.9,2.6,1
4898,21,34.0,74.0,65.5,9.4,0
4899,20,75.1,46.8,79.2,9.7,1
4900,24,49.6,18.8,75.4,8.0,1
4901,21,64.2,79.0,80.6,10.4,1
4902,23,73.4,43.0,67.5,9.1,1
4903,23,40.9,56.9,68.6,10.7,1
4904,22,67.1,74.5,72.5,5.8,0
4905,22,68.3,60.5,68.5,9.2,1
4906,21,86.9,72.6,100.0,12.0,1
4907,18,100.0,100.0,93.2,9.0,1
4908,23,41.7,69.9,70.1,2.3,0
4909,18,86.3,46.9,68.4,6.7,1
4910,18,64.4,34.0,75.4,7.5,1
4911,21,52.9,72.2,64.8,2.9,0
4912,18,70.5,61.5,64.6,11.6,0
4913,23,45.5,35.2,70.5,2.9,1
4914,20,46.4,81.2,65.5,3.0,0
4915,22,39.0,73.0,72.2,11.1,1
4916,20,73.2,59.8,74.4,6.1,0
4917,18,69.9,99.4,31.8,1.7,1
4918,20,52.8,78.4,46.9,7.6,1
4919,23,87.9,42.2,59.8,7.6,0
4920,23,55.1,81.1,73.4,1.7,0
4921,18,84.2,64.6,60.8,11.7,1
4922,21,66.8,94.1,97.7,7.0,1
4923,20,54.9,77.0,80.7,7.2,0
4924,21,63.3,68.7,93.5,6.7,0
4925,21,46.2,67.7,80.8,7.7,1
4926,19,68.3,38.6,51.0,3.9,0
4927,18,65.5,50.8,56.0,4.2,0
4928,22,72.9,63.8,63.9,6.6,1
4929,23,78.2,35.3,55.6,9.9,1
4930,23,66.7,68.4,83.0,1.5,0
4931,18,42.9,46.6,68.1,7.6,0
4932,24,79.0,52.9,72.5,9.9,1
4933,24,65.2,72.8,86.5,2.7,0
4934,24,36.6,50.0,93.1,1.2,0
4935,22,69.6,68.5,66.7,4.4,0
4936,23,70.8,62.6,53.6,7.5,1
4937,18,59.6,40.9,55.7,2.5,0
4938,23,62.0,75.9,83.8,5.7,1
4939,21,56.1,76.8,73.2,7.1,1
4940,20,71.2,77.8,59.3,7.6,0
4941,20,67.1,94.3,78.5,4.0,1
4942,23,51.4,52.6,57.1,5.4,1
4943,19,89.3,24.9,48.7,9.6,1
4944,22,55.0,48.2,45.9,11.4,1
4945,24,24.4,77.3,52.6,10.5,1
4946,22,57.9,58.5,83.9,7.2,0
4947,22,80.5,34.7,67.6,5.5,1
4948,21,61.9,29.7,69.6,4.7,1
4949,22,40.5,85.6,72.2,2.4,0
4950,20,49.6,71.0,57.9,2.2,0
4951,21,48.8,51.1,64.2,8.6,0
4952,18,56.4,93.9,65.4,3.9,0
4953,22,61.1,100.0,58.8,3.8,1
4954,22,72.4,78.6,64.2,12.0,1
4955,18,66.9,73.6,68.5,3.1,1
4956,22,67.6,69.5,67.0,2.6,0
4957,18,91.7,75.4,75.2,2.1,1
4958,21,77.9,95.3,64.2,7.4,1
4959,20,76.6,42.5,88.5,7.9,1
4960,18,37.8,53.9,57.6,5.0,1
4961,19,53.7,59.1,63.6,6.9,1
4962,18,41.0,70.3,74.7,9.7,1
4963,22,53.5,88.2,77.4,10.0,0
4964,24,76.9,67.4,55.5,11.5,1
4965,24,59.1,71.3,68.8,10.1,1
4966,21,81.1,72.2,79.6,7.2,1
4967,23,75.4,60.4,50.8,3.0,1
4968,21,65.8,52.5,68.9,2.1,1
4969,23,81.4,61.3,52.2,1.6,1
4970,24,85.5,48.2,60.2,8.3,0
4971,24,71.8,48.5,71.0,9.9,0
4972,18,68.4,66.6,67.4,6.6,1
4973,20,74.5,51.4,56.3,1.6,0
4974,19,43.9,93.2,84.7,6.9,0
4975,21,63.2,62.6,66.0,11.3,1
4976,22,64.6,84.5,76.6,7.6,1
4977,23,59.5,37.6,88.0,9.9,0
4978,22,53.2,38.1,61.9,9.8,0
4979,20,80.0,58.0,77.4,11.3,1
4980,23,67.6,76.9,75.0,9.5,1
4981,21,68.9,51.2,53.3,9.2,1
4982,18,86.4,58.2,84.5,3.6,0
4983,22,62.1,78.0,71.2,1.7,0
4984,20,59.2,53.0,63.6,6.7,1
4985,21,85.4,46.4,50.6,2.4,0
4986,24,42.6,72.8,54.7,11.6,1
4987,24,65.8,36.5,68.7,4.2,1
4988,21,53.9,53.3,53.9,10.4,0
4989,21,69.4,62.1,77.6,5.3,1
4990,21,73.6,69.5,65.5,4.6,0
4991,23,74.4,74.8,51.3,11.3,1
4992,21,80.4,77.6,62.0,5.0,0
4993,22,61.2,54.6,57.2,5.3,0
4994,20,62.1,77.2,55.3,2.2,1
4995,23,72.9,69.1,43.4,8.4,0
4996,21,78.3,73.0,71.2,4.2,1
4997,19,45.5,48.6,58.6,7.4,0
4998,19,69.7,72.0,92.5,7.5,0
4999,20,59.1,57.3,81.9,8.9,1
5000,24,66.3,60.9,89.6,9.2,1
5001,18,59.6,63.0,78.6,6.7,1
5002,18,54.2,98.0,63.0,4.6,1
5003,24,49.7,43.5,73.9,10.2,1
5004,23,62.7,81.4,66.4,4.4,1
5005,23,70.4,85.7,74.1,6.6,1
5006,23,56.0,74.9,80.7,5.4,0
5007,18,82.8,50.4,77.2,10.4,1
5008,19,100.0,90.5,70.1,5.8,1
5009,18,71.2,54.0,70.8,5.2,0
5010,22,64.4,72.4,72.6,8.6,0
5011,21,51.3,62.2,83.3,7.6,1
5012,23,70.6,53.4,64.1,2.2,0
5013,19,87.2,69.8,66.9,6.6,1
5014,20,94.2,93.8,63.9,9.1,1
5015,20,85.9,64.6,71.6,11.9,1
5016,21,77.6,95.6,77.6,7.9,1
5017,19,71.2,56.7,73.6,5.1,1
5018,18,49.3,61.4,69.3,3.5,0
5019,18,63.5,37.9,82.9,10.6,1
5020,22,61.8,50.0,60.5,10.0,1
5021,22,63.6,56.1,52.0,3.6,0
5022,18,54.2,54.1,73.9,3.2,0
5023,20,76.4,42.7,69.5,8.9,1
5024,23,60.9,46.3,68.0,4.5,1
5025,20,59.7,54.8,54.2,4.4,0
5026,22,54.3,81.4,72.4,2.7,0
5027,21,68.5,33.1,91.5,3.9,0
5028,18,87.5,22.5,54.0,5.7,1
5029,22,64.8,28.3,68.1,9.1,1
5030,22,69.2,44.7,70.9,4.7,1
5031,23,94.0,71.5,64.7,4.6,1
5032,18,83.1,53.6,72.0,4.1,0
5033,23,73.8,53.3,64.6,6.3,1
5034,18,73.2,52.9,71.8,3.0,0
5035,23,56.0,26.2,66.9,6.3,0
5036,20,54.5,75.5,63.5,8.7,1
5037,21,67.1,83.6,69.1,1.3,0
5038,21,67.5,54.0,75.8,1.1,0
5039,18,52.3,61.5,51.3,1.8,0
5040,19,75.5,62.1,78.3,6.9,1
5041,24,60.8,40.8,61.3,10.4,1
5042,22,81.9,52.1,77.4,1.1,0
5043,22,64.2,92.1,62.0,11.3,1
5044,18,62.8,59.9,78.6,2.2,0
5045,23,50.9,64.0,69.4,10.3,1
5046,19,52.6,47.5,58.8,6.3,1
5047,20,84.8,52.3,64.7,8.3,0
5048,23,69.0,71.6,84.3,6.6,1
5049,23,70.8,44.9,70.6,6.2,0
5050,18,89.0,89.2,64.5,10.2,1
5051,18,45.2,30.9,83.7,9.3,1
5052,22,75.1,48.6,80.3,6.3,0
5053,18,41.2,33.4,59.9,2.2,0
5054,18,58.4,83.8,67.5,2.3,0
5055,18,47.8,59.3,48.8,9.8,1
5056,22,77.9,54.8,80.5,6.8,1
5057,20,36.7,67.2,70.0,6.3,0
5058,20,61.5,85.2,78.0,8.5,1
5059,24,47.6,63.9,46.8,10.4,1
5060,24,52.2,80.6,66.6,7.9,1
5061,18,54.5,54.7,72.0,9.4,1
5062,24,84.8,42.7,44.6,9.4,0
5063,22,60.0,64.2,77.9,4.9,0
5064,20,90.9,47.4,66.1,4.0,0
5065,23,94.0,72.4,48.9,9.8,1
5066,20,96.7,52.6,63.8,5.1,0
5067,20,64.1,58.5,75.5,10.9,1
5068,22,68.2,19.7,59.0,1.8,0
5069,24,70.7,57.8,69.5,1.6,0
5070,23,59.5,55.6,64.8,11.2,0
5071,22,71.4,80.9,46.1,8.1,0
5072,18,51.0,75.7,77.5,5.2,0
5073,21,36.9,60.4,79.7,9.3,1
5074,20,75.7,30.7,83.8,8.4,1
5075,21,59.8,52.1,70.1,6.8,1
5076,22,50.3,81.0,75.8,2.1,1
5077,22,52.2,56.4,50.6,9.9,0
5078,22,87.7,40.8,72.9,10.5,1
5079,21,72.0,80.7,66.2,2.9,1
5080,22,42.2,30.8,69.1,10.4,1
5081,18,47.2,58.0,56.6,10.7,1
5082,22,60.6,70.0,83.5,7.0,1
5083,19,72.1,62.3,50.2,8.2,1
5084,24,53.1,37.7,73.3,5.2,0
5085,21,62.4,43.3,59.0,4.1,0
5086,19,66.7,47.4,95.4,8.9,1
5087,22,67.0,74.1,78.3,10.5,1
5088,18,29.1,63.1,69.7,8.2,0
5089,20,68.3,53.0,57.7,6.6,1
5090,23,39.0,67.4,80.7,2.7,0
5091,24,60.7,46.5,30.8,1.6,0
5092,23,57.5,73.3,74.6,5.9,0
5093,22,48.8,68.1,76.1,1.5,0
5094,24,77.6,56.0,75.4,7.3,1
5095,24,48.1,57.1,80.1,5.2,0
5096,18,57.2,53.8,63.2,9.3,1
5097,24,78.2,77.9,76.6,4.4,1
5098,21,56.7,63.9,62.0,7.5,1
5099,19,53.6,56.1,60.0,6.9,1
5100,19,61.0,42.5,57.6,1.1,0
5101,19,73.1,70.6,67.0,1.8,0
5102,21,86.7,69.8,83.3,4.2,1
5103,23,51.0,50.5,90.6,10.7,1
5104,18,52.2,52.4,66.8,2.6,1
5105,24,60.9,57.9,62.3,8.8,1
5106,21,68.5,39.2,86.0,11.7,1
5107,19,53.4,61.3,75.2,9.7,1
5108,22,75.3,30.4,70.3,3.7,0
5109,20,51.2,37.0,56.7,11.0,1
5110,24,36.5,50.8,87.2,2.0,0
5111,21,73.0,48.7,71.1,6.1,1
5112,21,74.7,68.1,70.0,10.8,1
5113,18,80.7,65.1,76.5,8.1,0
5114,18,35.1,84.8,70.3,5.6,1
5115,21,55.0,61.7,87.7,4.2,0
5116,19,61.2,63.7,82.1,5.1,0
5117,20,91.4,39.1,63.3,6.6,0
5118,24,62.6,39.1,71.0,4.5,0
5119,18,44.8,61.2,63.0,11.7,1
5120,24,69.5,61.5,92.7,11.3,1
5121,19,84.6,65.2,61.3,10.6,1
5122,24,81.4,82.9,68.6,5.6,1
5123,22,73.4,39.9,74.4,8.6,1
5124,18,68.9,90.4,76.1,10.9,0
5125,19,31.0,33.2,78.1,10.4,1
5126,19,65.4,66.7,79.6,5.6,1
5127,20,67.7,37.6,78.3,2.2,0
5128,20,62.6,73.0,64.8,1.8,0
5129,22,75.6,33.3,63.4,7.3,0
5130,19,62.4,10.8,70.5,8.1,0
5131,23,59.5,62.6,63.4,10.3,0
5132,19,80.6,57.8,62.1,4.2,0
5133,20,58.8,79.9,64.9,2.8,1
5134,23,66.0,61.4,95.2,5.2,0
5135,18,78.5,46.6,88.5,4.9,0
5136,18,49.8,50.3,67.1,2.5,0
5137,24,48.2,100.0,45.2,8.4,1
5138,21,85.4,44.3,62.9,6.6,0
5139,20,56.1,69.4,80.6,8.9,0
5140,21,75.4,67.2,51.2,4.9,1
5141,23,38.4,69.9,77.2,4.6,0
5142,20,27.5,68.4,76.5,6.2,0
5143,22,70.5,55.2,70.2,10.7,1
5144,19,63.1,28.3,69.5,1.4,0
5145,22,70.6,62.8,59.1,9.9,0
5146,23,93.1,59.8,78.4,5.1,1
5147,20,46.4,62.2,73.7,10.4,1
5148,23,65.6,70.2,64.2,9.8,1
5149,19,87.2,52.6,60.6,4.8,1
5150,18,48.6,48.8,55.7,8.6,0
5151,18,56.2,76.2,74.5,2.8,0
5152,23,38.5,54.1,67.6,10.9,0
5153,21,98.6,51.1,67.7,5.4,1
5154,20,31.9,49.6,51.3,6.0,1
5155,20,77.0,70.7,56.9,8.8,1
5156,18,45.2,56.2,55.6,10.0,1
5157,24,49.2,99.8,79.2,3.6,1
5158,22,81.0,61.0,72.1,8.3,0
5159,24,53.9,38.3,66.6,5.3,0
5160,19,74.8,52.1,83.3,5.1,0
5161,22,85.7,71.8,81.6,8.6,1
5162,22,68.0,49.2,83.3,5.3,0
5163,23,78.3,59.7,67.1,4.8,1
5164,18,66.2,77.6,53.0,10.2,1
5165,24,66.9,80.3,90.5,2.1,1
5166,24,55.5,50.6,76.3,8.4,1
5167,18,93.9,55.4,76.5,3.7,1
5168,24,76.1,61.7,78.1,1.2,0
5169,18,72.8,84.2,100.0,2.8,1
5170,23,76.6,40.2,68.8,7.7,1
5171,21,54.8,66.5,87.2,8.8,0
5172,22,79.0,61.0,59.8,1.2,0
5173,23,88.3,43.9,79.8,1.4,0
5174,20,44.3,82.3,91.4,10.9,1
5175,19,73.1,77.8,69.4,1.8,0
5176,21,65.9,87.7,47.0,10.8,0
5177,20,57.2,81.2,76.8,3.5,0
5178,22,48.6,60.2,67.4,9.1,0
5179,24,80.8,71.1,80.1,4.4,1
5180,18,68.1,66.0,64.4,10.4,1
5181,22,61.9,43.7,98.7,8.7,0
5182,23,73.1,36.5,71.3,5.4,1
5183,19,63.1,66.6,79.5,1.8,0
5184,23,54.4,61.7,58.0,9.1,1
5185,21,66.9,53.9,55.9,7.8,1
5186,21,64.6,58.3,54.4,1.0,0
5187,19,38.4,91.9,54.5,1.1,0
5188,20,55.6,20.8,78.1,9.9,1
5189,20,46.0,71.5,62.8,3.9,0
5190,21,40.2,75.2,54.8,8.0,1
5191,21,72.0,77.4,61.6,6.0,1
5192,24,55.0,35.2,78.4,10.5,1
5193,18,80.6,54.7,78.1,11.1,1
5194,24,37.6,53.8,82.0,12.0,1
5195,24,60.5,65.3,66.6,2.7,0
5196,20,55.8,39.7,94.0,10.5,1
5197,19,41.3,66.8,83.0,3.9,0
5198,20,65.1,44.1,55.9,7.5,0
5199,18,42.6,54.6,79.7,6.6,1
5200,23,68.3,84.2,70.2,1.2,0
5201,21,75.8,75.2,68.0,11.3,0
5202,21,69.0,62.2,70.1,1.9,0
5203,18,70.9,34.9,62.0,8.6,0
5204,24,80.5,66.0,82.1,9.6,1
5205,19,64.6,67.2,63.1,9.7,1
5206,21,52.6,22.2,63.3,2.5,0
5207,22,55.9,66.3,79.1,5.9,0
5208,24,56.2,40.6,96.0,10.1,1
5209,21,49.3,33.4,64.0,4.3,0
5210,22,76.8,39.8,55.0,6.1,1
5211,18,72.9,21.1,83.7,4.0,0
5212,18,40.0,52.7,72.3,6.1,1
5213,24,52.6,41.9,76.0,10.8,1
5214,21,48.6,80.5,70.4,6.0,1
5215,20,69.8,53.5,77.1,7.1,0
5216,22,81.1,47.0,74.4,5.4,1
5217,19,71.7,31.3,63.7,6.1,0
5218,21,54.5,52.3,78.4,1.2,0
5219,19,60.2,84.4,76.0,4.1,0
5220,21,44.1,87.9,65.5,5.8,1
5221,20,45.3,53.4,67.9,8.0,0
5222,20,77.7,58.7,60.6,6.0,1
5223,24,86.7,72.7,75.5,4.7,0
5224,24,54.3,41.5,75.7,5.3,1
5225,20,65.7,66.6,69.5,3.7,0
5226,23,75.8,100.0,56.3,11.2,1
5227,20,40.0,73.8,45.7,6.7,1
5228,18,49.3,73.2,67.2,1.1,0
5229,18,94.9,84.2,72.8,1.2,0
5230,23,50.6,76.3,77.7,11.7,1
5231,22,59.6,55.4,83.6,3.4,0
5232,19,56.0,38.8,65.7,9.9,1
5233,21,35.1,57.6,51.0,1.6,0
5234,21,66.2,42.5,63.8,11.1,1
5235,23,64.6,54.9,96.2,10.6,0
5236,18,67.7,44.3,89.7,7.3,1
5237,24,63.7,53.0,75.1,1.1,0
5238,21,58.1,33.3,64.8,3.8,0
5239,18,57.2,47.5,68.9,5.5,0
5240,22,57.5,67.3,90.6,6.1,0
5241,19,50.2,71.8,72.5,4.3,1
5242,22,52.5,67.9,65.4,1.4,0
5243,23,50.4,53.2,85.9,7.5,0
5244,20,73.6,62.2,46.6,6.8,0
5245,20,69.6,95.0,57.9,4.1,0
5246,20,65.4,47.0,60.3,1.4,0
5247,22,94.1,88.9,82.0,11.9,1
5248,21,51.1,34.0,63.3,6.3,1
5249,19,81.8,29.2,48.7,9.3,1
5250,20,61.1,57.3,61.7,6.0,0
5251,23,67.4,59.3,64.3,1.5,0
5252,23,75.1,39.6,69.2,4.4,0
5253,20,57.8,54.1,71.5,4.5,1
5254,20,49.1,67.2,81.6,10.2,1
5255,19,51.6,42.5,66.3,8.2,0
5256,20,33.4,78.3,63.0,4.0,0
5257,19,74.1,80.3,70.6,11.6,1
5258,23,73.7,82.4,72.9,4.5,0
5259,20,88.8,43.7,62.8,12.0,1
5260,22,71.2,46.0,49.6,12.0,1
5261,24,74.8,56.9,64.1,3.1,1
5262,22,63.8,55.1,79.7,4.4,0
5263,23,72.0,54.1,69.1,6.3,0
5264,19,81.3,73.6,84.9,8.3,1
5265,22,67.7,71.0,76.0,6.8,0
5266,19,57.2,44.3,63.7,11.7,1
5267,22,61.7,39.5,87.6,9.0,1
5268,22,76.3,37.7,59.6,3.3,0
5269,19,57.6,44.2,49.9,2.2,0
5270,21,78.3,75.2,74.1,8.6,1
5271,22,93.6,62.6,60.6,2.7,0
5272,20,78.5,76.7,69.3,9.7,1
5273,24,76.2,29.4,57.1,4.4,0
5274,23,70.2,64.9,70.1,4.6,0
5275,21,53.3,64.7,75.8,1.1,0
5276,19,52.0,81.6,77.6,8.7,1
5277,21,51.8,52.6,56.3,2.2,0
5278,18,73.3,51.4,53.8,9.5,1
5279,18,59.2,87.1,74.8,6.4,1
5280,22,64.6,56.9,65.4,9.6,1
5281,22,71.3,63.2,63.3,7.4,1
5282,20,52.4,68.6,68.6,1.9,0
5283,24,57.5,30.0,68.0,9.4,1
5284,23,69.8,60.7,74.5,1.8,1
5285,21,60.6,37.6,75.9,6.3,0
5286,18,62.0,58.4,81.8,2.9,0
5287,22,49.5,54.7,66.9,9.3,1
5288,23,62.2,50.9,81.9,11.0,1
5289,21,89.8,71.3,77.1,7.1,0
5290,22,58.3,61.8,80.5,6.8,0
5291,22,47.8,40.9,56.7,9.4,0
5292,18,79.4,40.3,68.8,1.1,0
5293,18,72.9,75.1,92.7,11.1,1
5294,22,68.2,59.3,53.5,3.2,0
5295,19,45.2,34.4,91.5,11.8,1
5296,22,47.4,52.5,91.0,9.1,1
5297,23,41.9,57.2,78.8,9.5,0
5298,22,71.5,37.8,53.8,8.2,0
5299,20,80.3,48.5,67.4,6.2,1
5300,24,72.0,76.5,79.5,7.3,0
5301,20,94.2,100.0,54.1,1.5,1
5302,20,58.4,65.4,78.1,7.9,1
5303,19,60.1,35.6,71.3,7.9,0
5304,19,66.6,56.1,63.2,10.8,1
5305,22,61.6,62.2,56.6,6.6,1
5306,20,72.5,74.2,87.5,1.8,1
5307,19,55.4,74.6,79.3,4.4,0
5308,18,44.1,84.6,68.0,8.2,0
5309,22,38.2,60.0,70.4,3.6,0
5310,23,72.2,60.3,66.8,4.1,1
5311,24,57.1,26.0,48.3,10.0,1
5312,21,47.5,41.8,85.5,7.4,0
5313,22,55.7,35.5,72.6,6.6,1
5314,21,94.3,44.9,81.5,4.5,0
5315,20,48.3,39.3,64.5,9.0,1
5316,24,75.9,40.5,71.1,4.2,1
5317,21,71.3,79.6,73.8,9.1,1
5318,20,85.1,25.4,82.4,1.8,0
5319,18,63.2,56.4,91.5,10.5,1
5320,21,41.6,75.6,65.8,6.5,1
5321,24,79.9,54.6,65.8,5.8,1
5322,22,61.3,83.9,67.1,7.7,1
5323,20,84.1,49.2,62.8,7.9,0
5324,22,77.2,91.5,100.0,2.5,0
5325,24,79.9,31.8,49.8,9.3,1
5326,19,100.0,83.9,100.0,4.0,1
5327,20,69.2,43.9,77.7,11.0,1
5328,21,86.6,86.0,69.0,10.0,1
5329,20,58.9,51.6,59.9,4.8,1
5330,22,73.1,79.9,69.5,9.9,0
5331,18,57.5,82.9,63.2,4.9,1
5332,20,72.2,49.6,86.6,2.1,0
5333,21,70.6,78.4,77.6,11.6,1
5334,19,34.1,59.5,90.1,8.2,1
5335,23,55.8,33.7,66.5,6.0,0
5336,18,68.5,69.1,71.7,5.4,0
5337,19,31.1,41.7,68.8,4.6,0
5338,20,63.6,48.2,65.5,11.8,0
5339,22,80.1,43.9,57.7,2.5,1
5340,24,84.5,66.8,78.6,4.5,0
5341,22,53.3,42.3,74.1,6.3,1
5342,21,85.5,37.9,69.4,6.3,1
5343,22,83.1,41.2,76.0,6.2,1
5344,18,32.8,47.2,65.1,2.9,0
5345,22,66.7,68.9,70.2,2.6,0
5346,21,68.4,76.4,80.3,3.8,0
5347,23,87.8,76.1,82.0,11.1,1
5348,20,69.3,59.4,88.3,2.2,1
5349,24,85.9,58.9,56.7,9.3,0
5350,20,53.3,56.7,58.4,9.3,1
5351,22,41.0,68.0,56.2,9.9,0
5352,19,55.3,80.2,62.2,10.8,1
5353,20,88.7,57.3,66.0,3.9,1
5354,23,78.9,69.6,75.2,3.5,0
5355,22,99.8,37.7,84.0,6.1,0
5356,24,43.4,75.3,65.3,3.9,1
5357,21,80.6,63.9,76.9,9.1,1
5358,23,76.3,41.4,85.3,8.0,1
5359,22,60.7,79.2,64.5,10.6,1
5360,23,76.6,37.7,66.6,1.9,1
5361,20,67.1,19.1,70.8,11.1,0
5362,24,71.9,75.2,49.9,4.2,0
5363,21,75.2,66.9,76.1,6.4,1
5364,22,79.7,38.2,55.5,5.8,0
5365,18,66.3,66.4,79.5,9.4,1
5366,21,91.7,81.1,64.8,5.6,0
5367,18,61.8,64.7,63.9,11.4,1
5368,23,93.3,100.0,58.3,10.9,0
5369,19,48.1,44.7,76.5,10.6,1
5370,21,50.2,19.8,76.4,1.8,0
5371,23,51.1,34.6,64.5,10.4,1
5372,18,79.4,18.7,91.6,9.6,1
5373,20,52.9,98.5,70.4,2.1,0
5374,20,87.4,59.9,69.8,2.2,0
5375,19,57.1,94.9,70.7,2.1,1
5376,21,71.0,53.6,61.8,1.1,0
5377,21,74.6,43.7,58.1,7.0,1
5378,21,49.8,28.9,65.5,11.7,1
5379,23,44.1,52.9,77.6,5.8,1
5380,24,69.2,75.2,47.8,6.9,1
5381,24,60.8,56.0,52.0,11.6,0
5382,19,72.5,31.2,62.7,3.8,0
5383,21,44.8,71.8,48.5,10.4,1
5384,23,59.6,75.1,53.0,7.0,0
5385,20,62.3,50.5,79.7,7.3,0
5386,18,28.4,48.2,64.7,4.8,0
5387,23,79.9,29.2,59.8,7.2,0
5388,24,53.6,71.3,71.7,1.8,0
5389,24,87.5,51.7,71.4,9.4,1
5390,20,54.6,11.8,84.0,4.1,0
5391,20,57.2,33.3,48.6,10.8,0
5392,18,46.4,70.1,58.9,5.0,1
5393,20,82.2,53.8,62.8,2.6,1
5394,19,71.8,39.6,74.7,8.7,1
5395,18,86.0,61.0,100.0,2.8,0
5396,20,61.9,44.9,77.0,9.3,1
5397,22,64.4,48.4,66.8,11.6,1
5398,23,39.8,55.1,55.4,9.6,0
5399,20,55.6,90.3,53.9,1.2,0
5400,19,67.6,90.3,80.8,7.6,1
5401,21,70.8,24.5,60.5,8.6,0
5402,20,92.4,58.8,65.8,10.1,1
5403,24,37.2,33.9,89.9,1.6,0
5404,24,68.4,40.9,49.4,6.3,0
5405,24,59.4,26.5,73.2,6.9,1
5406,21,66.1,44.4,59.2,2.9,1
5407,24,66.5,38.5,89.6,4.5,0
5408,22,62.1,78.5,58.7,5.8,1
5409,20,48.0,44.8,78.0,10.2,1
5410,24,45.2,25.0,48.3,11.2,1
5411,18,61.0,59.9,88.6,7.9,1
5412,21,43.7,56.8,81.0,5.3,0
5413,22,63.3,55.3,63.3,3.8,1
5414,18,61.2,71.0,74.7,11.8,1
5415,18,28.2,82.2,81.5,11.8,1
5416,18,94.0,55.0,71.8,11.2,1
5417,18,66.2,64.8,65.3,9.6,1
5418,20,28.4,55.5,68.8,4.6,0
5419,24,68.7,69.1,71.3,10.0,0
5420,23,61.9,33.5,70.7,5.5,1
5421,20,45.2,71.1,75.2,4.6,0
5422,20,69.6,65.1,57.7,9.2,1
5423,22,50.9,42.7,62.2,1.9,1
5424,22,67.9,99.8,65.3,1.5,0
5425,24,54.5,35.5,75.7,5.9,0
5426,23,51.4,65.9,51.7,5.9,1
5427,22,64.8,42.8,71.8,10.9,0
5428,24,40.7,70.4,79.4,2.4,0
5429,24,63.8,96.0,70.6,2.4,0
5430,19,74.9,74.0,70.9,2.6,0
5431,23,84.1,57.9,66.4,1.3,0
5432,22,81.3,76.7,70.7,1.8,1
5433,23,85.3,49.4,64.7,8.3,1
5434,20,58.2,68.8,68.0,5.7,1
5435,20,49.6,61.6,64.7,9.4,1
5436,23,77.2,38.1,67.8,11.9,1
5437,19,57.2,90.8,66.2,8.2,1
5438,19,65.1,82.4,55.8,1.6,0
5439,23,76.2,44.6,51.9,2.2,0
5440,22,95.3,78.5,71.0,10.7,1
5441,21,72.9,38.8,77.2,6.8,1
5442,19,68.1,68.3,88.7,10.1,0
5443,18,48.2,60.9,83.2,10.4,1
5444,20,82.5,90.2,80.9,11.2,1
5445,23,71.1,66.0,72.8,11.4,1
5446,18,59.8,32.2,71.4,7.1,0
5447,23,58.2,78.3,60.5,4.8,0
5448,24,58.9,52.1,59.2,11.6,1
5449,20,65.7,51.2,72.3,7.0,1
5450,20,43.1,60.5,60.0,1.7,0
5451,19,83.3,49.7,68.9,8.1,1
5452,19,80.5,92.3,40.0,7.5,1
5453,18,62.5,74.5,75.6,10.9,1
5454,24,58.9,39.4,57.6,8.2,0
5455,23,64.7,46.9,52.9,4.8,0
5456,24,67.2,36.4,78.7,11.6,1
5457,20,60.5,77.4,81.6,9.8,1
5458,18,80.0,58.8,69.0,7.9,0
5459,21,43.6,42.4,61.4,4.2,1
5460,18,54.3,88.3,78.6,5.1,1
5461,22,76.6,69.1,60.8,8.4,1
5462,18,69.9,63.3,68.1,1.8,0
5463,24,54.8,62.5,86.2,3.8,1
5464,22,71.0,35.6,74.5,8.9,1
5465,22,53.1,70.1,69.4,6.3,0
5466,22,60.3,52.5,66.7,5.4,1
5467,21,80.7,75.7,70.5,2.7,1
5468,18,79.0,71.5,73.2,5.9,0
5469,24,69.3,58.9,56.5,9.5,1
5470,18,49.2,57.6,84.5,3.9,0
5471,21,59.3,89.9,64.5,1.1,0
5472,20,66.4,35.9,67.5,8.4,1
5473,19,86.8,49.7,79.8,11.7,0
5474,24,38.3,80.5,68.3,7.7,1
5475,24,51.9,86.7,80.6,2.3,0
5476,18,81.9,57.5,69.4,4.5,0
5477,19,85.4,47.4,71.2,10.5,1
5478,23,64.0,47.8,72.6,3.6,0
5479,23,88.1,34.2,74.5,7.7,0
5480,21,54.0,96.0,76.7,5.4,0
5481,23,42.4,57.3,82.6,3.3,0
5482,24,76.9,68.4,81.9,9.9,1
5483,23,84.4,68.6,60.5,9.2,1
5484,20,84.2,86.7,87.5,8.3,1
5485,20,52.0,52.5,49.6,3.6,0
5486,20,68.0,53.7,62.4,2.1,0
5487,23,77.6,75.0,68.3,7.3,0
5488,21,69.5,27.7,56.0,7.1,0
5489,22,86.7,86.8,73.4,3.1,1
5490,22,58.9,91.3,78.9,1.6,1
5491,19,63.9,64.4,61.4,1.9,0
5492,22,68.5,43.1,75.6,11.9,1
5493,22,77.5,75.4,80.0,9.6,1
5494,20,62.1,56.6,46.8,11.1,1
5495,20,78.9,62.6,72.1,3.1,1
5496,23,89.1,63.9,74.5,11.6,1
5497,19,57.2,48.1,59.0,2.6,0
5498,18,62.5,66.3,55.7,6.6,1
5499,24,79.5,33.7,61.7,10.1,1
5500,19,93.9,20.5,67.8,4.8,0
5501,19,74.5,66.6,61.0,5.7,0
5502,21,53.2,78.8,76.7,2.4,0
5503,23,68.0,50.8,75.1,2.4,0
5504,21,79.4,49.7,74.5,7.8,1
5505,19,52.8,71.7,85.1,8.4,1
5506,19,48.8,59.6,77.7,9.6,1
5507,19,59.8,49.8,73.4,7.1,0
5508,22,74.9,65.5,55.3,8.1,0
5509,24,44.5,60.1,83.9,1.1,0
5510,24,54.6,37.5,85.2,2.8,0
5511,21,69.1,58.0,66.1,11.8,0
5512,19,81.4,63.3,60.3,1.8,0
5513,24,69.4,50.4,79.1,8.5,0
5514,20,70.6,76.7,48.2,2.9,0
5515,24,80.1,68.7,74.8,8.9,1
5516,23,89.0,55.0,88.0,8.8,0
5517,23,87.3,62.4,65.4,3.6,0
5518,24,34.4,53.2,72.9,4.0,0
5519,20,66.5,56.0,71.2,8.2,1
5520,23,78.7,56.6,82.5,5.3,0
5521,22,90.5,28.1,71.3,3.1,0
5522,24,74.6,60.5,65.9,9.0,0
5523,22,52.1,65.7,51.8,2.7,0
5524,24,54.1,100.0,71.1,10.4,0
5525,18,54.5,67.9,69.2,6.7,0
5526,18,69.6,48.2,45.6,2.2,0
5527,18,57.8,30.5,57.9,8.6,0
5528,23,19.3,41.0,62.8,6.7,0
5529,22,47.3,51.0,62.8,4.3,1
5530,22,58.3,51.3,69.7,5.6,0
5531,22,44.6,55.7,68.7,4.3,0
5532,20,46.8,52.8,69.2,3.9,0
5533,22,95.8,55.8,97.1,2.8,0
5534,20,64.9,52.4,64.7,5.0,1
5535,18,59.2,60.3,59.6,3.8,1
5536,18,75.0,43.7,88.8,8.5,1
5537,23,82.2,37.3,87.6,8.5,1
5538,24,98.6,55.7,57.0,6.5,1
5539,18,90.6,67.8,84.6,9.6,0
5540,24,71.5,39.9,47.8,10.3,0
5541,24,42.0,49.7,100.0,7.4,1
5542,23,50.0,57.4,91.4,7.8,0
5543,19,59.0,56.9,76.4,4.1,0
5544,19,72.6,73.6,80.3,10.8,1
5545,21,66.4,76.9,75.3,1.3,0
5546,23,42.9,64.0,62.1,4.8,0
5547,21,40.2,81.8,84.3,8.9,1
5548,21,68.9,53.4,86.3,1.9,0
5549,19,66.8,75.1,61.3,3.0,1
5550,23,61.9,49.0,69.6,7.5,0
5551,19,72.2,65.3,55.2,7.2,1
5552,21,83.7,71.6,69.4,9.1,1
5553,23,69.7,61.0,66.8,9.9,1
5554,21,50.9,42.6,85.0,2.4,0
5555,22,93.7,29.9,89.2,1.2,0
5556,24,62.4,70.0,57.2,8.6,1
5557,23,65.7,55.1,79.2,4.3,0
5558,23,55.2,56.3,80.6,7.9,0
5559,24,48.9,87.0,49.0,2.7,0
5560,21,50.1,43.0,81.6,6.2,1
5561,22,46.8,73.3,52.3,6.5,0
5562,20,19.9,46.7,63.9,7.4,1
5563,24,62.7,56.8,59.2,6.6,0
5564,19,81.5,40.5,51.1,6.5,1
5565,21,50.2,46.6,83.2,4.7,0
5566,24,100.0,67.4,58.7,1.8,0
5567,24,85.8,83.3,65.2,2.0,1
5568,23,64.7,67.6,69.9,5.8,0
5569,19,48.3,65.5,78.9,4.9,1
5570,19,41.0,100.0,58.4,6.7,1
5571,19,63.3,70.1,75.8,4.4,1
5572,24,66.0,43.2,67.2,8.6,1
5573,20,61.9,29.7,57.9,10.5,1
5574,18,81.0,66.8,82.2,4.3,0
5575,21,87.5,34.7,94.9,3.1,0
5576,18,72.1,42.0,72.4,2.3,1
5577,24,72.9,65.5,62.7,7.8,1
5578,18,60.3,78.7,61.2,5.9,0
5579,24,64.9,54.9,79.7,3.1,0
5580,18,71.2,38.3,70.2,8.2,1
5581,19,60.2,57.4,57.3,2.6,0
5582,22,74.9,55.1,49.7,7.1,0
5583,19,49.2,62.1,74.6,6.8,0
5584,19,54.0,38.4,54.8,9.1,1
5585,23,49.3,44.9,65.2,1.6,0
5586,23,55.0,78.4,89.5,10.8,1
5587,18,60.7,73.7,60.0,8.7,0
5588,24,80.4,81.0,82.6,3.4,0
5589,19,65.6,26.7,57.7,3.0,0
5590,18,45.7,44.0,80.5,5.7,1
5591,23,44.0,77.8,76.9,10.0,1
5592,22,58.8,70.7,75.9,10.3,1
5593,21,77.5,67.3,62.7,6.7,0
5594,18,86.0,53.5,77.6,10.5,1
5595,22,41.1,48.8,74.5,1.1,0
5596,21,70.6,60.6,92.7,1.4,1
5597,20,59.0,51.9,62.6,11.0,1
5598,18,60.1,69.5,85.4,9.5,1
5599,18,49.0,60.7,59.2,6.0,0
5600,20,61.7,42.5,67.1,9.3,1
5601,20,48.4,71.4,62.3,11.5,1
5602,18,61.0,82.6,64.1,9.5,1
5603,20,82.2,83.8,68.1,10.3,1
5604,19,74.5,72.1,87.3,9.4,1
5605,21,93.7,72.4,75.5,2.9,0
5606,21,72.9,39.1,84.8,10.2,1
5607,21,67.6,47.9,70.2,3.1,0
5608,19,73.3,57.0,85.4,10.8,1
5609,24,53.4,70.7,72.7,6.0,1
5610,20,33.7,49.2,60.5,8.4,1
5611,22,76.9,54.5,82.7,6.5,1
5612,20,38.1,70.1,87.8,2.0,0
5613,18,81.8,62.5,77.7,4.2,0
5614,23,76.3,66.0,80.0,11.8,1
5615,21,52.3,46.0,85.3,11.6,1
5616,20,58.5,54.2,66.8,4.5,1
5617,22,64.8,51.5,61.4,12.0,1
5618,18,51.2,60.0,74.4,10.3,1
5619,19,73.1,52.2,90.7,7.7,1
5620,24,74.4,49.8,73.6,1.4,1
5621,19,43.4,62.3,77.6,10.9,1
5622,22,52.7,97.7,70.9,7.1,1
5623,18,64.4,70.5,73.5,10.6,1
5624,21,82.1,28.0,63.7,10.2,1
5625,20,74.8,66.3,76.6,10.2,1
5626,18,30.0,50.7,80.5,8.7,0
5627,24,60.6,43.1,52.0,4.2,0
5628,19,72.1,72.7,52.0,4.7,1
5629,24,53.0,61.4,49.0,4.4,1
5630,24,51.8,100.0,87.7,1.2,1
5631,22,53.8,57.9,58.9,7.4,0
5632,22,60.4,55.9,74.2,8.7,0
5633,20,50.3,81.5,91.4,10.4,1
5634,22,74.9,60.4,74.0,2.5,1
5635,22,52.1,41.0,76.2,7.0,0
5636,18,49.5,44.1,59.9,1.1,0
5637,21,59.0,54.1,74.0,2.0,0
5638,20,87.2,71.8,58.1,1.6,1
5639,18,72.9,82.9,47.2,9.0,1
5640,21,73.8,74.4,70.6,1.9,1
5641,24,69.3,70.2,73.8,8.9,1
5642,18,50.8,79.7,63.7,3.7,0
5643,23,55.4,71.2,61.0,10.7,1
5644,18,52.9,43.7,67.4,9.9,1
5645,22,81.4,56.0,61.3,11.5,1
5646,21,69.4,50.7,78.9,10.7,1
5647,20,40.0,82.7,75.4,11.3,1
5648,20,86.8,42.8,89.5,10.4,0
5649,21,60.0,43.2,65.7,8.6,1
5650,22,74.8,63.1,70.8,2.9,0
5651,19,80.8,94.7,72.1,4.0,1
5652,18,26.6,73.2,65.5,3.3,0
5653,22,71.8,78.8,46.2,7.6,0
5654,23,61.2,40.1,75.3,6.5,1
5655,24,28.7,72.0,98.0,10.5,1
5656,21,48.0,40.0,82.0,11.5,1
5657,18,58.2,73.2,93.5,5.5,0
5658,20,77.7,31.7,80.8,6.6,1
5659,24,62.4,53.9,68.2,11.7,1
5660,19,67.2,23.0,77.2,4.0,0
5661,23,59.7,44.1,82.8,9.7,0
5662,20,81.3,34.4,50.8,3.5,0
5663,21,72.8,71.7,75.3,8.5,1
5664,18,67.4,61.7,68.8,3.8,0
5665,21,47.9,51.6,87.7,10.7,1
5666,24,66.8,62.1,74.5,7.2,1
5667,18,100.0,45.0,40.5,3.0,0
5668,22,76.9,65.8,75.3,3.5,0
5669,19,53.9,58.6,45.3,6.4,0
5670,22,92.8,100.0,85.3,11.6,1
5671,22,53.2,89.4,60.8,9.5,1
5672,21,75.7,76.9,56.4,6.4,0
5673,24,64.3,65.3,60.7,4.7,0
5674,19,67.7,67.6,59.3,7.0,0
5675,18,68.3,82.3,68.1,9.2,0
5676,18,61.3,65.2,59.7,9.6,1
5677,23,59.2,66.3,66.4,4.6,0
5678,20,45.2,49.6,51.5,8.9,0
5679,23,48.1,47.6,67.0,8.2,0
5680,23,70.0,58.1,87.1,11.6,0
5681,18,54.8,12.9,64.6,11.2,0
5682,21,51.3,59.5,77.5,9.7,1
5683,22,100.0,55.6,54.9,9.0,1
5684,24,100.0,75.8,77.0,4.0,1
5685,22,73.7,82.0,83.7,10.3,1
5686,22,75.8,100.0,87.1,5.7,0
5687,19,52.8,70.4,72.4,4.0,0
5688,18,47.2,62.7,78.1,5.2,1
5689,24,59.9,49.8,54.6,10.2,1
5690,21,65.0,41.1,65.4,2.6,0
5691,19,75.7,76.5,60.4,6.0,0
5692,20,37.5,59.5,73.9,6.4,1
5693,21,97.2,67.6,63.7,1.4,0
5694,23,68.7,60.3,78.2,3.2,0
5695,21,41.7,60.8,99.6,10.1,1
5696,21,67.4,63.9,77.5,10.1,1
5697,22,51.5,67.6,86.9,4.2,0
5698,21,50.4,76.9,55.8,10.6,1
5699,23,49.1,37.8,69.0,9.5,0
5700,23,61.2,70.5,72.6,5.6,0
5701,18,96.5,36.8,70.8,9.2,1
5702,21,66.4,72.6,92.1,11.6,1
5703,22,75.4,65.8,61.1,6.0,0
5704,21,79.1,58.6,73.9,3.6,1
5705,20,62.8,59.3,40.9,11.4,1
5706,20,47.6,62.5,75.1,7.6,1
5707,22,41.0,79.6,76.1,2.2,0
5708,18,59.2,78.0,69.4,7.3,1
5709,18,82.2,75.9,74.7,6.5,0
5710,23,79.0,35.8,63.2,10.4,1
5711,23,68.8,70.4,55.3,6.8,1
5712,19,70.8,16.8,58.1,3.8,0
5713,22,62.9,21.6,59.8,8.4,1
5714,21,57.8,80.2,54.5,7.0,0
5715,24,53.9,34.0,54.0,3.6,0
5716,22,42.9,56.8,60.0,7.3,1
5717,19,92.0,85.3,65.7,10.0,1
5718,23,67.6,70.5,71.6,1.3,0
5719,22,58.4,66.7,55.3,7.9,1
5720,22,92.3,59.0,58.8,4.8,0
5721,23,95.2,62.3,62.6,4.2,0
5722,19,100.0,48.7,75.2,5.3,0
5723,23,61.3,51.4,55.7,4.8,0
5724,18,66.6,61.6,63.8,10.2,1
5725,21,74.8,64.2,81.7,4.0,0
5726,23,89.9,57.2,60.5,9.1,1
5727,19,65.9,19.7,55.0,2.0,1
5728,20,50.2,88.2,69.0,11.5,1
5729,18,53.7,76.9,60.0,7.8,0
5730,20,82.7,56.3,36.9,8.8,1
5731,24,74.3,77.4,72.4,4.3,0
5732,23,62.4,53.5,80.4,5.5,1
5733,18,61.4,65.7,69.7,3.5,0
5734,21,62.4,25.4,82.5,11.3,1
5735,23,83.6,64.6,77.7,6.4,1
5736,21,53.2,54.9,59.7,7.9,0
5737,22,46.8,63.9,94.6,9.1,1
5738,20,92.3,90.8,73.9,5.1,1
5739,18,65.4,59.7,75.1,8.9,0
5740,21,63.8,51.8,58.1,8.4,1
5741,19,75.1,52.0,51.4,8.8,0
5742,21,50.2,34.5,57.0,6.4,1
5743,19,76.3,67.3,81.0,5.2,1
5744,23,59.3,69.6,90.5,3.4,0
5745,18,81.9,61.2,73.5,10.1,0
5746,21,42.0,76.6,71.1,7.7,1
5747,24,71.8,76.7,81.6,5.9,1
5748,21,61.5,61.3,86.6,11.4,1
5749,24,54.4,70.5,52.6,1.5,0
5750,18,76.6,99.1,89.5,10.4,1
5751,21,62.8,45.2,65.4,12.0,1
5752,19,72.0,73.9,83.0,10.8,1
5753,21,84.0,61.6,57.2,9.9,1
5754,20,76.9,78.8,82.4,5.1,1
5755,23,48.8,45.7,52.8,3.5,0
5756,22,56.9,63.6,83.5,9.1,1
5757,19,71.9,47.8,77.7,4.4,1
5758,20,76.9,28.2,51.1,2.9,0
5759,24,59.1,85.3,85.3,9.7,1
5760,23,68.0,52.2,58.3,4.4,0
5761,18,67.9,44.8,83.7,11.1,0
5762,19,70.0,49.6,71.7,10.2,1
5763,22,47.3,92.8,55.0,10.3,1
5764,23,43.8,83.6,57.8,9.5,1
5765,24,31.1,56.1,100.0,10.7,1
5766,22,66.6,75.5,97.7,9.9,1
5767,18,44.5,40.6,67.5,7.6,1
5768,18,97.1,69.4,75.1,4.3,0
5769,24,74.8,52.2,84.4,10.8,1
5770,19,47.3,67.8,54.5,10.2,0
5771,24,82.0,35.3,78.3,6.2,1
5772,21,82.1,49.3,81.8,1.4,0
5773,18,83.3,63.3,74.3,8.0,1
5774,23,52.9,63.1,86.7,1.6,0
5775,21,75.7,33.7,71.8,11.2,1
5776,20,83.5,42.5,83.3,11.6,1
5777,22,88.6,67.6,72.8,3.1,1
5778,21,42.1,65.5,51.6,8.4,0
5779,22,61.7,71.8,81.3,2.0,0
5780,24,52.3,63.4,85.6,9.0,1
5781,21,93.0,41.0,68.2,4.8,0
5782,24,72.4,53.6,53.9,8.5,1
5783,20,78.4,69.6,80.4,5.1,0
5784,18,72.1,42.0,73.8,2.6,0
5785,20,70.6,39.7,73.6,5.5,0
5786,18,52.1,54.5,72.3,2.2,1
5787,24,58.3,64.9,82.1,7.3,1
5788,18,66.1,26.8,73.5,1.5,0
5789,22,55.3,55.6,64.3,6.8,0
5790,23,52.5,69.3,50.6,10.8,1
5791,20,61.9,72.9,64.5,10.2,1
5792,21,55.9,41.9,80.9,10.7,0
5793,20,65.7,66.7,66.0,11.1,1
5794,22,58.4,77.9,80.9,2.1,0
5795,18,54.7,70.9,53.0,2.4,0
5796,22,51.1,52.6,57.9,7.1,0
5797,19,65.1,17.1,57.2,10.8,1
5798,19,78.3,63.8,71.6,11.7,1
5799,21,74.8,88.4,91.5,1.5,0
5800,22,42.1,74.8,96.9,4.9,0
5801,24,77.9,73.6,82.7,3.3,1
5802,21,74.7,63.0,46.5,9.3,1
5803,24,78.3,76.1,61.0,8.0,1
5804,21,81.3,65.5,33.5,2.3,0
5805,19,54.1,28.6,72.0,6.3,0
5806,21,60.5,76.0,89.5,8.5,1
5807,19,91.9,44.5,79.8,9.6,1
5808,18,91.0,61.2,48.8,1.2,1
5809,24,63.9,73.3,86.7,10.8,1
5810,22,74.0,46.5,84.5,7.3,0
5811,21,75.4,42.3,88.5,9.9,1
5812,19,91.4,68.6,83.3,9.9,1
5813,20,70.2,40.0,63.7,3.1,1
5814,24,46.8,56.5,47.7,2.2,0
5815,21,57.9,80.3,84.1,8.9,1
5816,23,100.0,89.3,79.3,2.7,0
5817,18,46.1,27.9,46.3,10.3,1
5818,18,65.8,56.1,58.4,9.0,1
5819,20,99.7,82.9,58.8,10.3,1
5820,19,53.0,52.8,78.7,4.3,1
5821,21,24.1,74.3,69.8,4.5,0
5822,24,26.9,75.6,66.8,8.4,1
5823,19,53.1,49.0,65.0,1.3,0
5824,18,38.6,67.7,56.5,9.0,1
5825,19,80.6,68.8,81.6,10.2,1
5826,18,69.0,76.4,61.3,5.6,1
5827,19,33.0,30.7,83.9,9.4,0
5828,20,41.1,83.3,53.3,2.9,0
5829,22,83.6,72.4,64.1,4.5,0
5830,20,67.9,39.7,93.6,11.7,1
5831,20,86.5,57.7,72.8,11.8,0
5832,22,81.8,75.1,64.1,6.6,1
5833,22,47.7,40.6,62.5,11.3,1
5834,21,78.2,43.4,59.6,6.8,1
5835,24,73.4,60.3,75.4,4.2,1
5836,24,35.6,52.1,80.8,3.9,1
5837,21,44.6,64.5,73.0,11.2,1
5838,20,100.0,74.8,69.3,2.9,1
5839,20,51.1,64.9,77.2,7.4,1
5840,18,71.2,59.8,53.1,7.1,1
5841,18,62.1,74.9,74.5,9.1,1
5842,24,67.8,58.1,75.2,6.5,1
5843,21,63.1,46.6,73.2,4.0,1
5844,23,79.5,80.8,63.3,2.9,1
5845,23,79.1,16.5,60.7,7.8,0
5846,21,66.8,61.2,54.4,8.9,0
5847,18,51.4,53.5,87.6,7.3,1
5848,24,56.5,43.4,69.3,9.1,1
5849,24,41.4,65.4,64.9,2.6,0
5850,18,60.0,68.3,63.7,10.7,1
5851,23,38.5,45.1,58.5,7.4,0
5852,19,68.3,34.9,63.6,2.4,0
5853,19,69.4,36.5,84.5,6.1,1
5854,18,80.1,92.6,77.0,10.3,1
5855,19,46.7,94.6,79.9,10.9,1
5856,22,47.7,60.5,81.5,3.9,0
5857,21,87.9,35.3,96.4,8.8,0
5858,21,44.5,57.4,70.3,2.1,0
5859,18,95.8,20.4,64.9,1.4,1
5860,20,51.1,65.7,75.2,7.2,1
5861,23,51.2,42.1,77.8,8.6,0
5862,18,77.6,38.2,69.6,9.8,1
5863,19,73.2,77.6,59.3,4.7,1
5864,23,89.6,57.2,72.2,1.1,0
5865,20,36.6,75.6,76.5,6.3,1
5866,19,73.0,81.7,74.2,1.2,0
5867,24,64.3,58.4,47.9,2.0,0
5868,22,48.8,59.9,50.9,4.6,0
5869,19,93.2,79.0,78.6,5.8,0
5870,22,68.5,50.3,65.5,4.1,0
5871,23,64.1,80.8,96.7,7.4,0
5872,22,71.8,23.6,86.1,1.6,0
5873,23,39.1,53.6,54.8,2.6,0
5874,23,46.3,63.4,82.3,8.6,1
5875,23,60.0,38.3,89.2,2.6,0
5876,23,69.7,66.7,64.7,8.0,1
5877,23,84.1,63.1,69.0,1.6,0
5878,19,51.7,46.8,63.4,5.5,0
5879,23,48.3,46.1,56.5,3.0,0
5880,19,72.5,44.3,88.9,2.2,0
5881,23,63.0,31.8,38.9,7.2,0
5882,22,36.2,89.0,61.9,11.2,1
5883,24,51.2,56.2,64.9,1.6,0
5884,23,62.3,35.6,71.9,5.6,1
5885,20,62.7,57.8,55.1,8.8,0
5886,23,66.3,64.3,86.3,6.1,1
5887,23,45.5,45.3,48.0,9.9,1
5888,22,63.0,53.4,48.1,3.0,0
5889,21,79.2,83.5,70.7,11.6,1
5890,22,21.7,39.0,54.6,5.2,0
5891,20,60.8,49.5,72.5,4.8,1
5892,21,40.1,23.9,61.1,10.6,0
5893,18,64.5,92.8,79.7,7.2,0
5894,18,42.4,71.8,58.9,6.7,1
5895,20,67.0,59.1,87.3,9.0,1
5896,22,89.4,47.1,77.6,7.4,0
5897,19,50.3,46.2,60.9,2.8,0
5898,20,52.5,55.2,77.5,8.4,0
5899,24,58.0,68.9,71.8,2.5,1
5900,21,69.8,40.9,79.4,9.9,1
5901,21,49.7,51.7,77.2,11.9,0
5902,23,59.3,75.4,74.3,5.2,0
5903,18,55.0,89.0,70.8,5.9,1
5904,21,58.0,69.8,80.9,1.5,1
5905,20,70.0,48.1,84.0,1.2,0
5906,21,73.3,57.2,71.6,11.1,1
5907,20,42.8,67.4,77.3,2.4,1
5908,19,69.9,54.8,81.2,5.9,1
5909,23,100.0,72.8,89.3,10.0,1
5910,18,88.2,46.9,87.2,10.8,1
5911,21,55.4,89.0,82.4,6.7,1
5912,20,67.0,58.4,65.0,7.2,1
5913,22,64.5,48.6,54.2,8.4,1
5914,18,71.9,70.6,76.7,11.6,1
5915,19,58.7,42.4,76.6,7.6,1
5916,20,61.0,62.7,65.2,7.2,1
5917,24,54.0,85.2,54.0,1.2,1
5918,24,81.4,38.1,89.9,1.9,1
5919,23,69.7,81.4,75.1,7.3,1
5920,23,69.8,36.8,55.5,11.3,1
5921,19,83.3,74.8,68.5,10.5,1
5922,19,83.5,43.0,53.9,11.8,1
5923,23,80.7,81.5,78.2,6.8,0
5924,21,83.0,49.6,92.2,9.7,1
5925,21,88.4,53.6,67.8,10.2,1
5926,20,50.5,43.1,68.9,8.1,1
5927,22,60.5,16.6,66.7,4.7,0
5928,20,75.6,39.4,67.3,6.2,0
5929,22,51.7,29.7,60.7,10.4,1
5930,19,59.6,23.2,86.6,4.3,1
5931,18,67.9,65.3,72.3,11.2,1
5932,20,61.5,87.4,70.8,3.5,0
5933,20,66.0,92.4,67.3,9.2,1
5934,22,47.8,39.1,54.7,7.9,0
5935,19,64.4,58.0,81.3,9.2,1
5936,19,67.0,81.0,87.1,5.8,0
5937,24,89.2,36.4,47.7,11.3,1
5938,22,61.0,81.7,78.5,8.0,1
5939,19,55.2,82.0,80.3,4.2,0
5940,23,75.7,25.0,85.4,8.0,1
5941,21,17.4,17.6,84.5,4.2,0
5942,24,60.2,52.8,100.0,4.2,0
5943,23,57.3,76.9,74.8,5.4,1
5944,18,68.9,32.6,81.9,10.4,1
5945,20,83.7,23.3,70.1,6.5,0
5946,24,88.3,61.2,60.4,8.5,1
5947,18,68.7,71.4,78.5,5.3,0
5948,20,41.7,47.8,81.9,3.9,0
5949,21,57.3,49.2,74.1,11.5,1
5950,19,58.9,71.3,50.1,7.6,1
5951,23,70.5,44.3,52.6,11.3,0
5952,22,65.8,45.7,79.2,3.2,0
5953,23,54.7,65.0,65.6,2.6,1
5954,21,46.2,67.0,74.3,10.4,1
5955,18,52.0,56.0,75.8,8.5,1
5956,22,51.4,86.7,68.6,3.1,1
5957,19,89.3,73.5,66.9,4.0,0
5958,21,53.5,53.7,68.4,9.8,0
5959,22,65.9,36.8,77.1,6.0,1
5960,21,79.5,77.8,75.8,8.4,0
5961,21,67.9,78.5,60.4,4.5,1
5962,19,48.7,58.2,69.8,5.2,0
5963,24,79.8,65.0,57.3,11.9,1
5964,20,70.3,72.6,76.2,3.7,0
5965,22,32.2,88.9,64.4,6.6,1
5966,19,83.7,76.0,78.6,10.3,1
5967,21,78.1,68.0,67.1,3.6,1
5968,19,70.1,76.7,83.7,5.6,0
5969,24,89.5,80.7,86.0,7.8,1
5970,20,77.8,64.9,75.3,6.3,1
5971,23,81.9,76.5,65.6,6.1,0
5972,22,80.5,47.8,58.8,5.0,1
5973,20,76.4,78.6,81.5,7.5,1
5974,18,38.1,48.0,69.2,7.9,1
5975,22,39.9,41.9,70.6,8.2,1
5976,20,77.8,57.7,65.3,1.8,0
5977,21,83.5,35.8,53.4,7.9,1
5978,22,54.4,49.3,82.9,11.5,1
5979,22,48.3,66.8,69.0,7.0,1
5980,19,68.9,65.0,47.7,8.9,1
5981,21,43.2,71.5,68.3,7.1,1
5982,18,62.5,71.8,53.7,10.4,1
5983,23,59.7,66.7,77.1,11.2,1
5984,24,61.6,44.7,75.4,3.0,0
5985,20,93.3,76.6,88.1,5.8,0
5986,19,55.5,58.0,52.3,5.3,0
5987,20,65.8,64.3,87.2,5.5,1
5988,18,45.3,61.9,76.2,2.4,0
5989,18,79.1,88.3,53.6,9.9,1
5990,22,62.3,38.5,91.9,1.4,0
5991,24,82.7,53.8,68.5,6.8,1
5992,18,28.1,69.6,55.7,8.3,0
5993,20,64.1,60.4,82.5,3.3,0
5994,21,67.0,51.3,56.9,11.0,0
5995,21,78.7,25.5,83.9,10.2,1
5996,22,55.4,54.8,67.7,6.2,1
5997,23,76.8,66.5,65.8,5.5,0
5998,20,57.1,69.8,54.4,3.6,0
5999,20,66.4,57.0,57.5,9.0,1
6000,18,78.8,63.2,71.9,2.4,0
